sample_id,YEAR,URL,DOI,figure_number_of_targetZT,label_of_targetZT_in_figure,figure_label_description,GROUP,BASEMAT,Composition_by_element,Composition_detailed,"mat_dimension(bulk, film, 1D, 2D)",SINTERING
1,2011.0,https://doi.org/10.1038/NCHEM.955,10.1038/NCHEM.955,Figure 4,2% SrTe,PbTe-1%SrTe-2%SrTe,PbTe,PbTe,PbTe SrTe NaTe,(PbTe)0.97(SrTe)0.02(Na2Te)0.01,Bulk,na
4,2015.0,https://doi.org/10.1038/ncomms9144,10.1038/ncomms9144,Figure 2(a),x = 0.12,FeNb1-x Hfx Sb,HH,HH,FeNbHfSb,FeNb0.88Hf0.12Sb,Bulk,SPS
6,2015.0,https://doi.org/10.1002/adma.201501030,10.1002/adma.201501030,Figure 1(b),Cu2S0.52Te0.48,,Cu2Q,M2Q,CuSTe,Cu2S0.52Te0.48,Bulk,SPS
7,2008.0,https://doi.org/10.1126/science.1159725,10.1126/science.1159725,Figure 1(b),2% Tl,Tl0.02Pb0.98Te,PbTe,PbTe,TlPbTe ,Tl0.02Pb0.98Te ,Bulk,HP
9,2014.0,https://doi.org/10.1038/am.2013.86,10.1038/am.2013.86,Figure 8(a),HD-Sb1.7,,Bi2Te3,Bi2Te3,BiSbTe,Bi0.3Sb1.7Te3,Bulk,HP
10,2016.0,https://doi.org/10.1039/c5ee02979a,10.1039/c5ee02979a,Figure 7,p-type PbTe,PbTe-2%MgTe-4%Na (p-type PbTe–2% MgTe doped with 4% Na),PbTe,PbTe,PbTe MgTe Na,(PbTe)0.96(MgTe)0.02Na0.04,Bulk,SPS
11,2016.0,https://doi.org/10.1039/c5ee02979a,10.1039/c5ee02979a,Figure 7,n-type PbTe,n-type PbTe doped with 0.2% PbI2,PbTe,PbTe,PbTe PbI,(PbTe)0.998(PbI2)0.002,Bulk,SPS
12,2015.0,https://doi.org/10.1126/science.aaa4166,10.1126/science.aaa4166,Figure 1C,Te-MS,"Te-MS,red",Bi2Te3,Bi2Te3,BiSbTe,Bi0.5Sb1.5Te3 + 25wt% Te,Bulk,SPS
13,2016.0,https://doi.org/10.1038/ncomms10287,10.1038/ncomms10287,Figure 1,2.65x10^19,2.65x10^19,Element,Te,Te As,Te + As-doping,Bulk,HP
14,2011.0,https://doi.org/10.1002/aenm.201100149,10.1002/aenm.201100149,Figure 5(f),re-pressed(perp press),re-pressed Cu0.01Bi2Te2.7Se0.3  (triangle),Bi2Te3,Bi2Te3,CuBiTeSe,Cu0.01Bi2Te2.7Se0.3,Bulk,SPS
15,2012.0,https://doi.org/10.1103/PhysRevLett.108.166601,10.1103/PhysRevLett.108.166601,Figure 1(d),x=0.7,"x=0.7, actual composition Mg2:15Si0:28Sn0:71Sb0:006 (see Table 1)",Silicide,Mg2Si,MgSiSb,Mg2Si0.3Sb0.7,Bulk,SPS
16,2016.0,https://doi.org/10.1038/am.2016.67,10.1038/am.2016.67,Figure 8(d),TP460-3,TP 460-3,Bi2Te3,Bi2Te3,BiTeSe,Bi2Te2.2Se0.8,Bulk,SPS
17,2011.0,https://doi.org/10.1038/nature09996,10.1038/nature09996,Figure 2,x = 0.15,"x = 0.15, p-PbTe(1-x)Se(x) materials doped with 2 atom % Na",PbTe,PbTe,PbTeSe,PbTe0.85Se0.15,Bulk,HP
18,2011.0,https://doi.org/10.1039/c0ee00456a,10.1039/c0ee00456a,Figure 4,9.0x10^19 ,9.0x10^19 (open square),PbTe,PbTe,PbTeNa,NaxPb1-xTe (0.5% < x < 2%),Bulk,HP
19,2008.0,https://doi.org/10.1126/science.1156446,10.1126/science.1156446,Figure 2E,Nano,Nano,Bi2Te3,Bi2Te3,BiSbTe,BiSbTe alloy,Bulk,HP
23,2014.0,https://doi.org/10.1073/pnas.1403601111,10.1073/pnas.1403601111,Figure 2,QH,"QH (filled square, black)",PbTe,PbTe,PbNaTe,Pb0.98Na0.02Te,Bulk,HP
25,2012.0,https://doi.org/10.1021/ja306527n,10.1021/ja306527n,Figure 4(f),Pb0.975Na0.025S+3%CdS,"Pb0.975Na0.025S+3%CdS (green, triangle)",Sulfide,PbS,PbNaS CdS,Pb0.975Na0.025S+3mol% CdS,Bulk,SPS
28,2015.0,https://doi.org/10.1126/science.aad3749,10.1126/science.aad3749,Figure 1(a),Hole doped SnSe (b-axis),hole doped b axis,Selenide,SnSe,SnNaSe,Sn0.985Na0.015Se,Bulk,na
31,2007.0,https://doi.org/10.1016/j.jssc.2006.12.010,10.1016/j.jssc.2006.12.010,Figure 5,x=0.4,"x = 0.4, (Bi2Te3)0.9-(Bi2-xAgxSe3)0.1",Bi2Te3,Bi2Te3,BiAgTeSe,Bi1.96Ag0.04Te2.7Se0.3,Bulk,SPS
32,2008.0,https://doi.org/10.1016/j.jallcom.2007.05.063,10.1016/j.jallcom.2007.05.063,Figure 7,x=0.1,"x = 0.1, (Al2Te3)x-(Bi0.5Sb1.5Te3)1-x",Bi2Te3,Bi2Te3,BiSbTeAl,Al0.2Bi0.45Sb1.3Te3,Bulk,SPS
33,2015.0,https://doi.org/10.3938/jkps.66.1726,10.3938/jkps.66.1726,Figure 7,MA-HP673K,MA-HP673K (green closed triangle),Bi2Te3,Bi2Te3,BiTeSe,Bi2Te2.7Se0.3,Bulk,
34,2010.0,https://doi.org/10.1063/1.3427427,10.1063/1.3427427,Figure 2(f),40wt% NC,40wt% NC (green closed diamond),Bi2Te3,Bi2Te3,BiSbTe,Bi0.4Sb1.6Te3,Bulk,HP
35,2013.0,https://doi.org/10.1039/c3ra23197f,10.1039/c3ra23197f,Figure 7,Inorganic ligand capped Bi2Te3,Inorganic ligand capped Bi2Te3 (open black triangle),Bi2Te3,Bi2Te3,BiTe,inorganic ligand capped Bi2Te3,Bulk,SPS
36,2014.0,https://api.semanticscholar.org/CorpusID:137891673,https://api.semanticscholar.org/CorpusID:137891673,Figure 6(b),ZT,"BiSbTe after annealing process, ZT, filled blue square",Bi2Te3,Bi2Te3,BiSbTe,micro-grain and nano-grain Bi0.5Sb1.5Te3,Bulk,HP
37,2014.0,https://doi.org/10.1002/aenm.201401391,10.1002/aenm.201401391,Figure 4(d),MS10,"MS10, matrix: Bi10.1Sb29.5Te 60.3",Bi2Te3,Bi2Te3,BiSbTe,Bi0.5Sb1.5Te3,Bulk,PAS
38,2015.0,https://doi.org/10.1002/aenm.201500411,10.1002/aenm.201500411,Figure 12(a),ZM-HD2,"ZM-HD2, inplane",Bi2Te3,Bi2Te3,BiTeSe,Bi2Te2.79Se0.21,Bulk,HP
39,2013.0,https://doi.org/10.1007/s11664-012-2280-6,10.1007/s11664-012-2280-6,Figure 5,Mn,nanometal-decorated Bi0.5Sb1.5Te3 nanocomposites (for metal loading of 0.2 wt.%). Solution-based,Bi2Te3,Bi2Te3,BiSbTe,Bi0.5Sb1.5Te3 + 0.2wt% Mn-decorated,Bulk,SPS
40,2013.0,https://doi.org/10.1039/c3ta12623d,10.1039/c3ta12623d,Figure 5(e),Ultrasonicated(EX/US),"Ultrasonicated(EX/US), green triangle",Bi2Te3,Bi2Te3,BiTeSe,Bi2Te2.7Se0.3,Bulk,SPS
41,2015.0,https://doi.org/10.1002/adfm.201402663,10.1002/adfm.201402663,Figure 8,x=2.0,"x = 2.0vol% Bi2Te3 bulk (star shape, deep blue)",Bi2Te3,Bi2Te3,BiTeAg,Bi2Te3 + 2.0vol% Ag NPs,Bulk,SPS
42,2005.0,https://doi.org/10.1063/1.1863440,10.1063/1.1863440,Figure 4(d),NC2,NC2,Bi2Te3,Bi2Te3,BiTe,Bi2Te3(ZM) 85wt% + Bi2Te3 nanotube 15wt%,Bulk,HP
43,2010.0,https://doi.org/10.3365/eml.2010.12.201,10.3365/eml.2010.12.201,Figure 10,0.05 wt.%,0.05 wt.% Ag-doped Bi0.5Sb1.5Te3,Bi2Te3,Bi2Te3,BiSbTeAg,Bi0.5Sb1.5Te3 + 0.05wt% Ag,Bulk,HP
44,2012.0,https://doi.org/10.1007/s11664-012-2356-3,10.1007/s11664-012-2356-3,Figure 5(b),x=0.01,"Bi0.4Sb1.6-xInxTe3 x=0.01, purple, half upper filled circlue",Bi2Te3,Bi2Te3,BiSbInTe, Bi0.4Sb1.59In0.01Te3,Bulk,SPS
45,2013.0,https://doi.org/10.1039/c3ce40643a,10.1039/c3ce40643a,Figure 7(d),Bi2Te3/MnTe2,Bi2Te3/MnTe2,Bi2Te3,Bi2Te3,BiTeMnTe,nanostructured Bi2Te3/MnTe2 composite,Bulk,SPS
46,2010.0,https://doi.org/10.1021/nl101156v,10.1021/nl101156v,Figure 4(e) ,perp press direction,press perpendicular,Bi2Te3,Bi2Te3,BiTeSe,Bi2Te2.7Se0.3,Bulk,HP
47,2013.0,https://doi.org/10.1007/s11664-013-2822-6,10.1007/s11664-013-2822-6,Figure 6,Bi2Te2.85Se0.15:I0.005,Bi2Te2.85Se0.15:I0.005,Bi2Te3,Bi2Te3,BiTeSeI,Bi2Te2.85Se0.15 : I 0.005,Bulk,HP
48,2014.0,https://doi.org/10.3938/jkps.64.1416,10.3938/jkps.64.1416,Figure 8,Bi2Te2.4Se0.6,Bi2Te2.4Se0.6,Bi2Te3,Bi2Te3,BiTeSe,Bi2Te2.4Se0.6,Bulk,HP
49,2014.0,https://doi.org/10.3938/jkps.65.696,10.3938/jkps.65.696,Figure 7,m=0.0075,"Bi2Te2.7Se0.3:Im, m=0.0075",Bi2Te3,Bi2Te3,BiTeSeI,Bi2Te2.7Se0.3 : I 0.0075,Bulk,HP
51,2014.0,https://doi.org/10.3938/jkps.64.1692,10.3938/jkps.64.1692,Figure 7,m=0.005,Bi2Te2.85Se0.15I0.005 (open circlue),Bi2Te3,Bi2Te3,BiTeSeI,Bi2Te2.85Se0.15 : I0.005,Bulk,HP
52,2011.0,https://doi.org/10.1002/aenm.201100338,10.1002/aenm.201100338,Figure 5,5% Bi/Bi2Te3-II,5% Bi/Bi2Te3-II,Bi2Te3,Bi2Te3,Bi/BiTe,Bi2Te3 + 5.0vol% Bi NPs,Bulk,HP
53,2012.0,https://doi.org/10.1063/1.4749806,10.1063/1.4749806,Figure 4d,Cu0.01Bi2Te2.7Se0.3,Cu0.01Bi2Te2.7Se0.3,Bi2Te3,Bi2Te3,CuBiTeSe,Cu0.01Bi2Te2.7Se0.3,Bulk,HP
54,2013.0,https://doi.org/10.1002/adma.201203764,10.1002/adma.201203764,Figure 3F,BT85BS15,BT85BS15,Bi2Te3,Bi2Te3,BiTeSe,(Bi2Te3)85(Bi2Se3)15 nanoflakes,Bulk,SPS
55,2015.0,https://doi.org/10.3390/ma8030959,10.3390/ma8030959,Figure 4(b),1.0 at.% Fe-BST,1.0 at.% Fe-BST,Bi2Te3,Bi2Te3,BiSeTeFe,Bi0.48Sb1.52Te3 + 1 at% Fe,Bulk,SPS
56,2015.0,https://doi.org/10.1063/1.4916947,10.1063/1.4916947,Figure 1(d),y = 0.27,"y = 0.27, n-type, Bi2Te3-ySey",Bi2Te3,Bi2Te3,BiTeSe,Bi2Te2.73Se0.27,Bulk,
57,2015.0,https://doi.org/10.1063/1.4916947,10.1063/1.4916947,Figure 1(d),x = 0.6,"x = 0.6, p-type, BixSb2-xTe3",Bi2Te3,Bi2Te3,BiSbTe,Bi0.6Sb1.4Te3,Bulk,
59,2013.0,https://doi.org/10.1038/srep03212,10.1038/srep03212,Figure 2,exf8h-SPS,exf8h-SPS,Bi2Te3,Bi2Te3,BiTeSe,Bi2Te2.7Se0.3,Bulk,SPS
60,2014.0,https://doi.org/10.1039/c4nr00191e,10.1039/c4nr00191e,Figure 4(a),TCHT,"TCHT, heat-treated twin containing",Bi2Te3,Bi2Te3,BiTe,Bi2Te3 nanowires (heat-treated twin-containing NWs),1D,
62,2012.0,https://doi.org/10.1021/nl203389x,10.1021/nl203389x,Figure 5(c),250oC (red circle),250oC (red circle),Bi2Te3,Bi2Te3,BiTe,Bi2Te3,Bulk,SPS
63,2013.0,https://doi.org/10.1016/j.jallcom.2013.03.062,10.1016/j.jallcom.2013.03.062,Figure 12,10hr,10hr,Bi2Te3,Bi2Te3,BiSbTeSe,Bi 0.42Sb1.51Te3.05Se0.02,Bulk,SPS
65,2014.0,https://doi.org/10.1039/c4ta01554a,10.1039/c4ta01554a,Figure 3(f),BiSbTe + 4.0 mol% WSe2 addition,BiSbTe + 4.0 mol% WSe2 addition (typo in label),Bi2Te3,Bi2Te3,BiSbTe Wse,Bi0.48Sb1.52Te3 + 4mol% WSe2,Bulk,
66,2007.0,https://doi.org/10.1063/1.2425007,10.1063/1.2425007,Figure 4(d),SPS-40,SPS-40,Bi2Te3,Bi2Te3,BiTe,Bi2Te3 ingots,Bulk,SPS
67,2013.0,https://doi.org/10.1088/0957-4484/24/28/285702,10.1088/0957-4484/24/28/285702,Figure 11,1%at Cu,"1%at Cu, Bi2Te2.7Se0.3",Bi2Te3,Bi2Te3,BiTeSe Cu,Cu0.01Bi2Te2.7Se0.3,Bulk,
68,2013.0,https://doi.org/10.1002/pssa.201228589,10.1002/pssa.201228589,Figure 8,Ce0.2Bi1.8Se0.3Te2.7,Ce0.2Bi1.8Se0.3Te2.7,Bi2Te3,Bi2Te3,BiTeSeCe,Ce0.2Bi1.8Se0.3Te2.7,Bulk,HP
71,2012.0,https://doi.org/10.1021/nl202935k,10.1021/nl202935k,Figure 3F,Bi2Te3 nanowire bulk pellet,Bi2Te3 nanowire bulk pellet,Bi2Te3,Bi2Te3,BiTe,Bi2Te3 nanowires ,Bulk,SPS
72,2016.0,https://doi.org/10.1002/adfm.201600718,10.1002/adfm.201600718,Figure 4(f),in-plane,"in-plane, Bi14Rh3I9",etc,BiMI,BiRhI,Bi14Rh3I9,Bulk,SPS
73,2012.0,https://doi.org/10.1111/j.1551-2916.2012.05284.x,10.1111/j.1551-2916.2012.05284.x,Figure 4,50 nm,"50nm, In1.92(ZnCe)0.08O3 bulk",Oxide,In2O3,InZnCeO,In1.92(ZnCe)0.08O3,Bulk,SPS
74,2013.0,https://doi.org/10.1016/j.jallcom.2013.03.167,10.1016/j.jallcom.2013.03.167,Figure 6(d),HPHT (black square),BTA nanorods after sintered by HPHT (black square),Bi2Te3,Bi2Te3,BiTe,Bi2Te2.4 nanorods,Bulk,HP
75,2014.0,https://doi.org/10.1063/1.4893236,10.1063/1.4893236,Figure 4,In-10,In-10 (inverse triangle),Bi2Te3,Bi2Te3,GeSbTe,GeIn0.6Sb5.4Te10,Bulk,
78,2010.0,https://doi.org/10.1021/ja910762q,10.1021/ja910762q,Figure 7(b),y=0.055,"y=0.055%, PbTe-1% CdTe-y% PbI2",PbTe,PbTe,PbTe CdTe PbI,(PbTe)98.99945(CdTe)0.01(PbI2)0.00055,Bulk,
83,2013.0,https://doi.org/10.1007/s11664-013-2819-1,10.1007/s11664-013-2819-1,Figure 10,S5,S5,PbTe,PbTe,PbTe In,PbTe +3at% In,Bulk,HP
86,2009.0,https://doi.org/10.1016/j.jssc.2009.07.004,10.1016/j.jssc.2009.07.004,Figure 4,Br(1.0),Br(1.0) (filled circle),PbTe,PbTe,PbTeBr,PbTe(1-x)Brx,Bulk,
87,2010.0,https://doi.org/10.1063/1.3517088,10.1063/1.3517088,Figure 8,Sb0.10,Sb0.10 for Pb1-xSbxTe alloys,PbTe,PbTe,PbSbTe,Pb0.9Sb0.1Te,Bulk,
88,2013.0,https://doi.org/10.1007/s11664-013-2832-4,10.1007/s11664-013-2832-4,Figure 13(f),5 at.-% Bi,"5 at.-% Bi, Bix(PbTe)1-x",PbTe,PbTe,PbTeBi,PbTe + 5 at% Bi,Bulk,HP
89,2015.0,https://doi.org/10.1016/j.jallcom.2015.03.117,10.1016/j.jallcom.2015.03.117,Figure 5,x= 0.03,"x = 0.03 (blue, triangle)",Selenide,PbSe,AgSbPbSe,(AgSb)0.03Pb0.94Se,Bulk,HP
90,2013.0,https://doi.org/10.1021/nl400319u,10.1021/nl400319u,Figure 4E,PbTe/Bi2Te3 = 27:1,The red dot curves and the red bars stand for the PbTe/Bi2Te3 = 27:1 sampl,PbTe,PbTe,PbTe BiTe,PbTe:Bi2Te3=27:1 barbell nanowire,Bulk,HP
91,2013.0,https://doi.org/10.1103/PhysRevB.87.045203,10.1103/PhysRevB.87.045203,Figure 6,x= 0.08,"x = 0.08 (FIG 6), green triangle",PbTe,PbTe,PbNaTeS,Pb0.99Na0.01Te0.92S0.08,Bulk,
97,2013.0,https://doi.org/10.1016/j.jallcom.2012.08.041,10.1016/j.jallcom.2012.08.041,Figure 3(g),x=0.001,x = 0.001 (red dot),PbTe,PbTe,BiPbTe PbS,(Bi0.001Pb0.999Te)0.88(PbS)0.12,Bulk,SPS
99,2013.0,https://doi.org/10.1016/j.intermet.2013.04.018,10.1016/j.intermet.2013.04.018,Figure 7,Annealed for 20h,Annealed for 20h,PbTe,PbTe,PbTe SbTe,PbTe-Sb2Te3 alloy (Pb2Sb6Te11),Bulk,
100,2012.0,https://doi.org/10.1002/adfm.201201221,10.1002/adfm.201201221,Figure 1(e),PbTe-BaTe(3%),PbTe-BaTe(3%),PbTe,PbTe,PbTe BaTe Na2Te,PbTe + 3mol% BaTe +1mol% Na2Te,Bulk,
101,2013.0,https://doi.org/10.1016/j.jallcom.2013.01.038,10.1016/j.jallcom.2013.01.038,Figure 8,y=0.4,y = 0.4,PbTe,PbTe,PbTe LaCeFeCoSb,(La0.3Ce0.37Fe3CoSb12)0.6(PbTe)0.4,Bulk,HP
103,2011.0,https://doi.org/10.1039/c0ee00456a,10.1039/c0ee00456a,Figure 4,9e19,9e19,PbTe,PbTe,NaPbTe,NaxPb1-xTe (0.5% < x < 2%),Bulk,HP
104,2011.0,https://doi.org/10.1002/adfm.201000878,10.1002/adfm.201000878,Figure 10,La3,La3,PbTe,PbTe,PbTeLa AgTe,(La0.028Pb0.972Te)0.947(Ag2Te)0.053,Bulk,HP
105,2011.0,https://doi.org/10.1002/aenm.201000072,10.1002/aenm.201000072,Figure 5(b),x=3.0%,"x=3.0%, (AgxPbTe)0.945(Ag2Te)0.055",PbTe,PbTe,AgPbTe AgTe,(Ag0.03PbTe)0.945(Ag2Te)0.055,Bulk,HP
106,2011.0,https://doi.org/10.1002/adma.201103153,10.1002/adma.201103153,Figure 1,9.0e19,9.0e19,PbTe,PbTe,NaMgPbTe,Na0.02Mg0.03Pb0.95Te,Bulk,HP
108,2012.0,https://doi.org/10.1038/am.2012.52,10.1038/am.2012.52,Figure 4,x = 0.04,x = 0.04 (Figure 4),PbTe,PbTe,PbMnTe,Pb0.96Mn0.04Te : Na,Bulk,HP
109,2014.0,https://doi.org/10.1002/aenm.201400486,10.1002/aenm.201400486,Figure 3(d),2.3 e19,,PbTe,PbTe,PbLaTe,Pb1-xLaxTe (0<x<0.01),Bulk,HP
111,2013.0,https://doi.org/10.1088/0957-4484/24/21/215401,10.1088/0957-4484/24/21/215401,Figure 14,x=0.05 mol% Pbi2,PbSe0.6Te0.5:x(PbI2),PbTe,PbTe,PbSeTe PbI,PbSe0:5Te0:5 + 0.05mol% PbI2,Bulk,
112,2013.0,https://doi.org/10.1039/c3ta11825h,10.1039/c3ta11825h,Figure 7(g),100MPa-1.5h,Pb0.98Na0.02Te,PbTe,PbTe,PbNaTe,Pb0.98Na0.02Te,Bulk,HP
115,2014.0,https://doi.org/10.1038/ncomms5515,10.1038/ncomms5515,Figure 2,2.5% K-doped PbTe0.7Se0.3,2.5% K-doped PbTe0.7S0.3,PbTe,PbTe,PbTeS K,PbTe0.7S0.3 + 2.5mol% K,Bulk,SPS
118,2015.0,https://doi.org/10.1021/nl504624r,10.1021/nl504624r,Figure 4,PbTe-Ag2Te,,PbTe,PbTe,PbTe AgTe,"PbTe−Ag2Te nanocomposites,",Bulk,HP
119,2011.0,https://doi.org/10.1021/nl201206d,10.1021/nl201206d,Figure 1(f),modulation,twophase nanocomposite sample (Si80Ge20)70(Si100B5)30,SiGe,SiGe,SiGeB,(Si80Ge20)70(Si100B5)30,Bulk,
121,2012.0,https://doi.org/10.1039/c1ee02465e,10.1039/c1ee02465e,Figure 4(c),x=0.01,"x=0.01, PbSe:Alx",Selenide,PbSe,PbSe Al,PbSe:Al0.01,Bulk,HP
123,2013.0,https://doi.org/10.1088/0957-4484/24/34/345705,10.1088/0957-4484/24/34/345705,Figure 5,Al0.03PbTe,Al0.03PbTe,PbTe,PbTe,AlPbTe,Al0:03PbTe,Bulk,HP
126,2015.0,https://doi.org/10.1021/cm504112m,10.1021/cm504112m,Figure 8,Sn0.94Mg0.09Te,,Telluride,SnTe,SnMgTe,Sn0.94Mg0.09Te,Bulk,
127,2016.0,https://doi.org/10.1021/jacs.6b08382,10.1021/jacs.6b08382,Figure 7,SnAg0.025In0.025Te1.05,,Telluride,SnTe,SnAgInTe,SnAg0.025In0.025Te1.05,Bulk,
128,2015.0,https://doi.org/10.1016/j.jssc.2016.02.012,10.1016/j.jssc.2016.02.012,Figure 7,Sn0.95Ag0.05Te0.95I0.05,,Telluride,SnTe,SnAgTeI,Sn0.95Ag0.05Te0.95I0.05,Bulk,
132,2016.0,https://doi.org/10.1002/aelm.201600019,10.1002/aelm.201600019,Figure 7,x = 0.06,(SnTe)(1-x)(Cu2Te)(x),Telluride,SnTe,SnCuTe,Sn0.94Cu0.12Te,Bulk,HP
134,2015.0,https://doi.org/10.1021/jacs.5b00837,10.1021/jacs.5b00837,Figure 8,x = 3,Sn0.97In0.015Cd0.015Te-x%CdS,Telluride,SnTe,SnInCdTe CdS,Sn0.97In0.015Cd0.015Te + 3% CdS,Bulk,SPS
136,2016.0,https://doi.org/10.1021/jacs.6b07010,10.1021/jacs.6b07010,Figure 7(d),along the pressing direction (//),SnSe+1%PbSe,Selenide,SnSe,SnSe PbSe,SnSe + 1% PbSe,Bulk,SPS
137,2015.0,https://doi.org/10.1016/S1002-0721(14)60543-3,10.1016/S1002-0721(14)60543-3,Figure 3(d),Sn50Te50,,Telluride,SnTe,SnTe,SnTe,Bulk,SPS
138,2013.0,https://doi.org/10.1073/pnas.1305735110,10.1073/pnas.1305735110,Figure 8,x = 0.0025,,Telluride,SnTe,InSnTe,In0.0025Sn0.9975Te,Bulk,HP
141,2015.0,https://doi.org/10.1039/c5cp05151g,10.1039/c5cp05151g,Figure 7(j),Ag0.016Sn0.984Se,Ag0.016Sn0.984Se,Selenide,SnSe,AgSnSe,Ag0.016Sn0.984Se,,
142,2015.0,https://doi.org/10.1021/jacs.5b07856,10.1021/jacs.5b07856,"Figure 3, middle column","with precipitates, cooling",(CoGe2)0.2(GeTe)17Sb2Te3,GeTe,GeTe,CoGe GeTe SbTe,(CoGe2)0.2(GeTe)17Sb2Te3,Bulk,
143,2007.0,https://doi.org/10.1016/j.physb.2007.02.067,10.1016/j.physb.2007.02.067,Figure 11,0.03%In,"after 250 h annealing at 600 1CatAr atmosphere, for Pb0.5Sn0.5Te doped with 0.03at% indium",PbTe,PbTe,PbSnTe In,Pb0.5Sn0.5Te + 0.03at% In,Bulk,
144,2007.0,https://doi.org/10.1016/j.physb.2006.10.001,10.1016/j.physb.2006.10.001,Figure 16,x=0.5***,,PbTe,PbTe,PbSnTe,Pb0.5Sn0.5Te + Te,Bulk,
145,2010.0,https://doi.org/10.1021/jp103697s,10.1021/jp103697s,Figure 11,solution treated (ST),,GeTe,GeTe,GeSnPbTe,Ge0.6Sn0.1Pb0.3Te,Bulk,SPS
146,2015.0,https://doi.org/10.1002/aelm.201500228,10.1002/aelm.201500228,Figure 3(d),ii,,GeTe,GeTe,GeTe BiTe Cu,(GeTe)0.95(BiTe)0.05 + 0.67at% Cu,Bulk,HP
147,2016.0,https://doi.org/10.1007/s11664-015-4251-1,10.1007/s11664-015-4251-1,Figure 9,TAGS-R400h10+10,,GeTe,GeTe,GeAgSbTe,Ge0.77Ag0.1Sb0.13Te1,Bulk,HP
148,2014.0,https://doi.org/10.1007/s13391-014-4149-8,10.1007/s13391-014-4149-8,Figure 8,x=0.05,Ge0.95Mn0.05Te,GeTe,GeTe,GeMnTe,Ge0.95Mn0.05Te,Bulk,SPS
149,2014.0,https://doi.org/10.1021/ic5010243,10.1021/ic5010243,Figure 5(left),second heating cycle,Ge0.53Ag0.13Sb0.27□0.07Te1,GeTe,GeTe,GeAgSbTe,"Ge0.53Ag0.13Sb0.27□0.07Te1, Ge4AgSb2Te7.5",Bulk,
150,2014.0,https://doi.org/10.1039/c4ta00072b,10.1039/c4ta00072b,Figure 8,heating curves,(GeTe)5.5AgIn0.5Sb0.5Te2,GeTe,GeTe,GeTe AgInSbTe,(GeTe)5.5AgIn0.5Sb0.5Te2,Bulk,
153,2010.0,https://doi.org/10.1557/PROC-1267-DD04-11,10.1557/PROC-1267-DD04-11,Figure 6,x=0.05,x=0.05,AgSbQ2,ABQ2,AgSbTe PbGeTe,(Ag0.5Sb0.5Te)0.95(Pb0.16Ge0.84Te)0.05,Bulk,
154,2012.0,https://doi.org/10.1088/0022-3727/45/11/115302,10.1088/0022-3727/45/11/115302,Figure 5,2% GeTe,2% GeTe,AgSbQ2,ABQ2,AgSbTe GeTe,(Ag0.366Sb0.558Te)0.98(GeTe)0.02,Bulk,
155,2009.0,https://doi.org/10.1063/1.3138803,10.1063/1.3138803,Figure 6,LAST-18,LAST-18,PbTe,PbTe,AgPbSbTe,AgPb18SbTe20,Bulk,
157,2014.0,https://doi.org/10.1007/s11664-014-3076-7,10.1007/s11664-014-3076-7,Figure 6,x=0.000,x=0.000,AgSbQ2,ABQ2,AgSbTe,AgSbTe2.01,Bulk,SPS
159,2015.0,https://doi.org/10.1039/C5TC01429H,10.1039/C5TC01429H,Figure 4,AgSb0.99Se2,AgSb0.99Se2,AgSbQ2,ABQ2,AgSbSe,AgSb0.99Se2,Bulk,
160,2012.0,https://doi.org/10.1002/aenm.201100613,10.1002/aenm.201100613,Figure 6,m=4,m=4,Telluride,ABQ2,AgSnSbTe,AgSn4SbTe6,Bulk,
161,2012.0,https://doi.org/10.1088/1674-1056/21/10/106101,10.1088/1674-1056/21/10/106101,Figure 5,x=0.10,x=0.10,AgSbQ2,ABQ2,AgSbMnTe,Ag0.9Sb1.0Mn0.1Te2.05,Bulk,SPS
163,2016.0,https://doi.org/10.1063/1.4963779,10.1063/1.4963779,Figure 6,x=0.015,x=0.015,AgSbQ2,ABQ2,AgBiSe In,Ag0.985In0.015BiSe2,Bulk,
164,2014.0,https://doi.org/10.1063/1.4896435,10.1063/1.4896435,Figure 5,x=0.03,x=0.03,AgSbQ2,ABQ2,AgSbSbTe,AgSb0.97Sn0.03Te2,Bulk,
166,2008.0,https://doi.org/10.1063/1.3029774,10.1063/1.3029774,Figure 4(b),AST5050,AST5050,AgSbQ2,ABQ2,AgSbTe,AgSbTe2,Bulk,SPS
167,2015.0,https://doi.org/10.1016/j.actamat.2015.04.011,10.1016/j.actamat.2015.04.011,Figure 1,40Te (S),40Te (S),AgSbQ2,ABQ2,AgSbSeTe,Ag25Sb25Se10Te40,Bulk,
168,2010.0,https://doi.org/10.1016/j.jallcom.2010.03.170,10.1016/j.jallcom.2010.03.170,Figure 7(a),x=0.84,x=0.84,AgSbQ2,ABQ2,AgSbTe,Ag0.84Sb1.16Te2.16,Bulk,HP
169,2006.0,https://doi.org/10.2320/matertrans.47.1058,10.2320/matertrans.47.1058,Figure 12,x=0.6,x=0.6,Silicide,Mg2Si,MgSiSn,Mg2Si0.4Sn0.6,Bulk,HP
171,2007.0,https://doi.org/10.1016/j.jcrysgro.2006.10.270,10.1016/j.jcrysgro.2006.10.270,Figure 9,BN coated,BN coated,Silicide,Mg2Si,MgSi,Mg2Si,Bulk,
173,2016.0,https://doi.org/10.1007/s11664-016-5088-y,10.1007/s11664-016-5088-y,Figure 6,x=0.04,x=0.04,Silicide,Ca2Si,CaAgSi,Ca1.96Ag0.04Si,Bulk,HP
176,2015.0,https://doi.org/10.1073/pnas.1424388112,10.1073/pnas.1424388112,Figure 4(D),Mg2Sn0.75Ge0.25,Mg2Sn0.75Ge0.25,Silicide,Mg2Si,MgSnGe,Mg2Sn0.75Ge0.25,Bulk,
178,2009.0,https://doi.org/10.1007/s11664-009-0735-1,10.1007/s11664-009-0735-1,Figure 2(d),Mg2Si0.6Ge0.4Bi0.02,Mg2Si0.6Ge0.4Bi0.02,Silicide,Mg2Si,MgSiGe Bi,Mg2Si0.6Ge0.4Bi0.02,Bulk,HP
179,2009.0,https://doi.org/10.1007/s11664-009-0735-1,10.1007/s11664-009-0735-1,Figure 5(d),Mg2Si0.6Ge0.4Ag0.02,Mg2Si0.6Ge0.4Ag0.02,Silicide,Mg2Si,MgSiGe Ag,Mg2Si0.6Ge0.4Ag0.02,Bulk,HP
183,2005.0,https://doi.org/10.1016/j.physb.2005.04.017,10.1016/j.physb.2005.04.017,Figure 6,2 at %,2 at %,Silicide,Mg2Si,MgSiBi,Mg2SiBi0.02,Bulk,SPS
184,2007.0,https://doi.org/10.1143/JJAP.46.3309,10.1143/JJAP.46.3309,Figure 7,x=0.03,x=0.03,Silicide,Mg2Si,Mg2Si,Mg2SiP0.03,Bulk,SPS
185,2007.0,https://doi.org/10.1016/j.intermet.2007.02.009,10.1016/j.intermet.2007.02.009,Figure 6,x=0.02,x=0.02,Silicide,Mg2Si,MgSiSb,Mg2Si:Sb = 1:x(0.001≤x≤0.02),Bulk,SPS
187,2016.0,https://doi.org/10.1021/acs.chemmater.6b02308,10.1021/acs.chemmater.6b02308,Figure 10(a),y=0.05,y=0.05,Silicide,Mg2Si,MgSiGeSnSb,Mg2Si1-x-yGexSny,Bulk,SPS
188,2008.0,https://doi.org/10.1063/1.2981516,10.1063/1.2981516,Figure 3,x=0.0075,x=0.0075,Silicide,Mg2Si,MgSiSnSb,Mg2Si0.4−xSn0.6Sbx  (0≤x≤0.015) ,Bulk,HP
189,2008.0,https://doi.org/10.1088/0022-3727/41/18/185103,10.1088/0022-3727/41/18/185103,Figure 8(a),x=0.005,x=0.005,Silicide,Mg2Si,MgSiSn La,Mg2−xLaxSi0.58Sn0.42 (0≤x≤0.015),Bulk,HP
194,2008.0,https://doi.org/10.1021/nl8026795,10.1021/nl8026795,Figure 2(_e),square symbol,square symbol,SiGe,SiGe,SiGe,Si80Ge20,Bulk,HP
196,2008.0,https://doi.org/10.1063/1.3027060,10.1063/1.3027060,Figure 3(d),Nano Sample-1 (red rectangle),Nano Sample-1 (red rectangle),SiGe,SiGe,SiGeP,Si80Ge20P2,Bulk,HP
197,2012.0,https://doi.org/10.1039/c2jm16369a,10.1039/c2jm16369a,Figure 5,In4Se2.32I0.03,In4Se2.32I0.03,Selenide,In4Se3,InSeI,In4Se2.32I0.03,Bulk,
200,2015.0,https://doi.org/10.1039/c4ee03042g,10.1039/c4ee03042g,Figure 1(d),x=0.20,x=0.20,HH,HH,FeNbTiSb,FeNb0.8Ti0.2Sb,Bulk,SPS
201,2015.0,https://doi.org/10.1039/C4EE02813A,10.1039/C4EE02813A,Fig. 2 (d),MgAgSb (extracted),p-type MgAgSb,HH,HH,MgAgNiSb,MgAg0.965Ni0.005Sb0.99,Bulk,SPS
202,2009.0,https://doi.org/10.1038/nature08088,10.1038/nature08088,Figure 2 d,b-c plane,b-c plane of In4Se2.35,Selenide,In4Se3,InSe,In4Se2.35,Bulk,
203,2015.0,https://doi.org/10.1039/C4CP04875J,10.1039/C4CP04875J,Fig. 6 (a),before,Ti0.3Zr0.35Hf0.35NiSn with no cycle,HH,HH,TiZrHfNiSn,Ti0.3Zr0.35Hf0.35NiSn,Bulk,
205,2002.0,https://doi.org/10.1088/0953-8984/14/34/318,10.1088/0953-8984/14/34/318,Figure 7,no label,the right y-axis means ZT,clathrate,clathrate,BaAlSi,Ba8Al16Si30,Bulk,
206,2015.0,https://doi.org/10.1039/C4CP04875J,10.1039/C4CP04875J,Fig. 6 (b),50 (number of cycles),Ti0.26Sc0.04Zr0.35Hf0.35NiSn with 50 cycle,HH,HH,TiScZrHfNiSn,Ti0.26Sc0.04Zr0.35Hf0.35NiSn,Bulk,
207,2008.0,https://doi.org/10.1063/1.2920210,10.1063/1.2920210,FIG. 2 (b),Ba0.08Yb0.09Co4Sb12,"In the other figures, x=0.08, y=0.09",SKD,SKD,BaYbCoSb,Ba0.08Yb0.09Co4Sb12.12,Bulk,
209,2009.0,https://doi.org/10.1016/j.jallcom.2008.09.120,10.1016/j.jallcom.2008.09.120,Fig. 12,HPed at 700oC for 3h under 70MPa,La0.4FeCo3Sb12 hot pressed sample,SKD,SKD,LaFeCoSb,La0.4FeCo3Sb12,Bulk,HP
212,2012.0,https://doi.org/10.1007/s10854-012-0668-y,10.1007/s10854-012-0668-y,Fig. 6,x=0.6,Co4Sb11.4Te0.6,SKD,SKD,CoSbTe,Co4Sb11.4Te0.6,Bulk,SPS
213,2002.0,https://doi.org/10.1063/1.1450036,10.1063/1.1450036,FIG. 9 (d),x=0.05,Ba0.3Ni0.05Co3.95Sb12,SKD,SKD,BaNiCoSb,Ba0.3Ni0.05Co3.95Sb12,Bulk,
214,2007.0,https://doi.org/10.1063/1.2538036,10.1063/1.2538036,FIG. 6,"773 K, Argon",,SKD,SKD,CoSb,CoSb3,Bulk,HP
215,2008.0,https://doi.org/10.1063/1.2963476,10.1063/1.2963476,FIG. 2 (d),"Co0.8Ni0.2Sb3, with pores",,SKD,SKD,CoNiSb,Co0.9Ni0.1Sb3,Bulk,
216,2009.0,https://doi.org/10.1016/j.jallcom.2009.01.067,10.1016/j.jallcom.2009.01.067,Fig. 6 (b),No label,CoSn1.5Se1.5,SKD,SKD,CoSnSe,CoSn1.5Se1.5,Bulk,
217,2005.0,https://doi.org/10.1063/1.2067704,10.1063/1.2067704,FIG. 11,x=0.5,Co4Sb11.5Te0.5,SKD,SKD,CoSbTe,Co4Sb11.5Te0.5,Bulk,SPS
218,2014.0,https://doi.org/10.1039/c4ta02780a,10.1039/c4ta02780a,Fig. 4 (d),x=0.15,CoSb2.85Te0.15,SKD,SKD,CoSbTe,CoSb2.85 Te0.15,Bulk,PAS
219,2007.0,https://doi.org/10.1063/1.2815671,10.1063/1.2815671,FIG. 8,x=0.15,CoSb2.85Te0.15,SKD,SKD,CoSbTe,CoSb2.85Te0.15,Bulk,SPS
221,2013.0,https://doi.org/10.1016/j.actamat.2013.07.032,10.1016/j.actamat.2013.07.032,Fig. 17,after HPT,Fe0.2Co3.8Sb11.6Te0.5 after high pressure torsion (HPT) process,SKD,SKD,FeCoSbTe,Fe0.2Co3.8Sb11.5Te0.5,Bulk,HP
222,2008.0,https://doi.org/10.1088/0022-3727/41/20/205403,10.1088/0022-3727/41/20/205403,Figure 5,N10-A,10 weight percentage CoSb3 nanoscale powder + Yb0.15Co4Sb12,SKD,SKD,YbCoSb,Yb0.15Co4Sb12,Bulk,SPS
223,2008.0,https://doi.org/10.1016/j.solidstatesciences.2008.01.016,10.1016/j.solidstatesciences.2008.01.016,Fig. 10,y=0.27,Eu0.27Co4Sb12,SKD,SKD,EuCoSb,Eu0.27Co4Sb12,Bulk,SPS
224,2011.0,https://doi.org/10.1063/1.3553842,10.1063/1.3553842,FIG. 8,PrFe4Sb12,PrFe4Sb12,SKD,SKD,PrFeSb,PrFe4Sb12,Bulk,SPS
225,2010.0,https://doi.org/10.1016/j.intermet.2009.06.005,10.1016/j.intermet.2009.06.005,Fig. 10 b,DD0.76Fe3.4Ni0.6Sb12,DD0.76Fe3.4Ni0.6Sb12,SKD,SKD,DDFeNiSb,DD0.76Fe3.4Ni0.6Sb12,Bulk,HP
226,2011.0,https://doi.org/10.1016/j.intermet.2010.12.001,10.1016/j.intermet.2010.12.001,Fig. 16,Mm0.68Fe3CoSb12,Mm0.68Fe3CoSb12,SKD,SKD,DDFeCoSb,DD0.65Fe3CoSb12,Bulk,HP
228,2015.0,https://doi.org/10.1016/j.actamat.2015.03.008,10.1016/j.actamat.2015.03.008,Fig. 13,"after HPT, T incr.",DD0.59Fe2.7Co1.3Sb11.8Sn0.2 with an additional process by HPT and increasing temperature,SKD,SKD,DDFeCoSbSn,DD0.59Fe2.7Co1.3Sb11.8Sn0.2,Bulk,HP
229,1996.0,https://doi.org/10.1126/science.272.5266.1325,10.1126/science.272.5266.1325,Fig. 5D,no label,LaFe3CoSb12,SKD,SKD,LaFeCoSb,LaFe3CoSb12,Bulk,
230,2008.0,https://doi.org/10.1063/1.2920210,10.1063/1.2920210,FIG. 2 (b),Ba0.08Yb0.09Co4Sb12,Ba0.08Yb0.09Co4Sb12,SKD,SKD,BaYbCoSb.,Ba0.08Yb0.09Co4Sb12.12,Bulk,
231,2011.0,https://doi.org/10.1021/ja111199y,10.1021/ja111199y,Fugure 5 (b),Ba0.08La0.05Yb0.04Co4Sb12,Ba0.08La0.05Yb0.04Co4Sb12,SKD,SKD,BaLaYbCoSb,Ba0.08La0.05Yb0.04Co4Sb12,Bulk,
232,2005.0,https://doi.org/10.1063/1.1852072,10.1063/1.1852072,FIG. 7,"#1610 (2.0% Ni, 0.75% Te)",Co0.98Ni0.02Sb2.25Te0.75,SKD,SKD,CoNiSbTe,Co0.92Ni0.08Sb2.97Te0.03,Bulk,
233,2011.0,https://doi.org/10.1021/cm200560s,10.1021/cm200560s,Figure 12,X = 0.20,CoSb2.75Ge0.05Te0.2,SKD,SKD,CoSbGeTe,CoSb2.75Ge0.05Te0.20,Bulk,
234,2001.0,https://doi.org/10.1023/A:1012473428845,10.1023/A:1012473428845,Figure 9,"(0.71, 0.12)",Ce0.12Fe0.71Co3.29Sb12,SKD,SKD,CeFeCoSb,Ce0.12Fe0.71Co3.29Sb12,Bulk,
236,2014.0,https://doi.org/10.1007/s11664-014-3016-6,10.1007/s11664-014-3016-6,Fig. 7,Co3.9Ni0.1Sb11.5Te0.4Se0.1,Co3.9Ni0.1Sb11.5Te0.4Se0.1,SKD,SKD,CoNiSbTeSe,Co3.9Ni0.1Sb11.3Te0.6Se0.1,Bulk,
237,2009.0,https://doi.org/10.1016/j.jallcom.2007.12.065,10.1016/j.jallcom.2007.12.065,Fig. 8,Ce0.3Yb0.2Fe1.5Co2.5Sb12,Ce0.3Yb0.2Fe1.5Co2.5Sb12,SKD,SKD,CeYbFeCoSb,Ce0.3Yb0.2Fe1.5Co2.5Sb12,Bulk,
239,2012.0,https://doi.org/10.1016/j.actamat.2011.10.059,10.1016/j.actamat.2011.10.059,Fig. 5,Li0.36Co4Sb12,Li0.36Co4Sb12,SKD,SKD,LiCoSb,Li0.36Co4Sb12,Bulk,
241,2009.0,https://doi.org/10.1021/ja8089334,10.1021/ja8089334,Figure 4 (d),0.14 0.23,Ba0.14In0.23Co4Sb12,SKD,SKD,BaInCoSb,Ba0.14In0.23Co4Sb11.84,Bulk,
242,2013.0,https://doi.org/10.1016/j.intermet.2012.08.005,10.1016/j.intermet.2012.08.005,Fig. 6,"x=0.25, y=0.60",Yb0.25La0.6Fe2.7Co1.3Sb12,SKD,SKD,YbLaFeCoSb,Yb0.25La0.60Fe2.7Co1.3Sb12,Bulk,
244,2016.0,https://doi.org/10.1063/1.4965865 ,10.1063/1.4965865 ,FIG. 15,PIN-3,Pb0.998In0.003Te,PbTe,PbTe,PbTeIn,Pb0.998Te1.000In0.003,Bulk,HP
246,2016.0,https://doi.org/10.1016/j.scriptamat.2016.05.016,10.1016/j.scriptamat.2016.05.016,Fig. 4 (c),x=0.02,PbTeCd0.02,PbTe,PbTe,PbTeCd,PbTeCd0.02,Bulk,HP
248,2016.0,https://doi.org/10.3938/jkps.69.1314,10.3938/jkps.69.1314,Fig. 11,1.5 vol.%,Bi2Te2.7Se0.3-1.5 vol% MgO nanocomposite sample,Bi2Te3,Bi2Te3,BiTeSeMgO,Bi2Te2.7Se0.3 1.5vol%MgO,Bulk,PAS
249,2016.0,https://doi.org/10.1063/1.4941757,10.1063/1.4941757,FIG. 4 (d),0.3vol.%,0.3vol.%(Cu2Se)/Bi0.4Sb1.6Te3,Bi2Te3,Bi2Te3,BiSbTeCuSe,Bi0.4Sb1.6Te3 0.3vol%Cu2Se,Bulk,
250,2016.0,https://doi.org/10.1039/c6ra24107g,10.1039/c6ra24107g,Fig. 6 (c),0.2 vol.%,0.2vol.%(Cu2O)/Bi0.4Sb1.6Te3,Bi2Te3,Bi2Te3,BiSbTeCuO,Bi0.4Sb1.6Te3 0.2vol%CuO,Bulk,HP
251,2012.0,https://doi.org/10.1039/c2jm31919e,10.1039/c2jm31919e,Fig. 9,"y=0.015, Ref. [14]",Mg2.16(Si0.4Sn0.6)0.985Sb0.015,Silicide,Mg2Si,MgSiSnSb,Mg2.16(Si0.4Sn0.6)0.975Sb0.025,Bulk,SPS
252,2017.0,https://doi.org/10.1016/j.actamat.2016.11.049,10.1016/j.actamat.2016.11.049,Fig. 5,CuSn7InTe9,CuSn7InTe9,Telluride,SnTe,CuSnInTe,CuSn7InTe9,Bulk,SPS
253,2016.0,https://doi.org/10.1039/C6TA09189J,10.1039/C6TA09189J,Figure 5 (d),PbTe0.66Se0.33 NWs,PbTe0.66Se0.33 nanowires,PbTe,PbTe,PbTeSe,PbTe0.66Se0.33,Bulk,SPS
255,2017.0,https://doi.org/10.1002/adma.201605140,10.1002/adma.201605140,Figure 4 e,0.010Pb,Bi0.7Sb1.3Te3 with 1% Pb nanocomposite,Bi2Te3,Bi2Te3,BiSbTe Pb,Bi0.7Sb1.3Te3 + 0.01at%Pb ,Bulk,SPS
256,2016.0,https://doi.org/10.1007/s11664-016-4953-z,10.1007/s11664-016-4953-z,Fig. 5,x=1,Bi0.48Sb1.52Te3 with 1 wt.% Cu,Bi2Te3,Bi2Te3,BiSbTe Cu,Bi0.48Sb1.52Te3 1wt%Cu,Bulk,SPS
257,2016.0,https://doi.org/10.1039/c6ee02674e,10.1039/c6ee02674e,Figure 7 (a),"x=1.0, y=0.02",BiSbTe3 with 2 at.% I,Bi2Te3,Bi2Te3,BiSbSe I,BiSbSe2.94I0.06,Bulk,SPS
258,2017.0,https://doi.org/10.1016/j.jallcom.2017.02.181,10.1016/j.jallcom.2017.02.181,Figure 4 (g),H2-annealed at 400 oC,Bi0.5Sb1.5Te3 with H2 annealing at 400 oC,Bi2Te3,Bi2Te3,BiSbTe,Bi0.5Sb1.5Te3,Bulk,SPS
259,2016.0,https://doi.org/10.1021/jacs.6b09568,10.1021/jacs.6b09568,Figure 6 (d),n = 6.4 x e19,3% BiCl3-doped K2Bi8Se13,Selenide,KBiSe,KBiSe,K2Bi8Se13,-,
260,2016.0,https://doi.org/10.1021/jacs.6b09222,10.1021/jacs.6b09222,Figure 8 f,bulk KBT,bulk K0.06Bi2Te3.18,Bi2Te3,Bi2Te3,BiTe K,K0.06Bi2Te3.18,Bulk,SPS
261,2016.0,https://doi.org/10.3938/jkps.69.811,10.3938/jkps.69.811,Fig. 3 (b),CBTS45,Cu0.008Bi2Te2.7Se0.3 sintered under 45 MPa,Bi2Te3,Bi2Te3,BiTeSe Cu,Cu0.008Bi2Te2.7Se0.3,Bulk,SPS
264,2007.0,https://doi.org/10.1109/ICT.2007.4569410,10.1109/ICT.2007.4569410,Figure 2 (d),Nanosized,"bulk nanostructured (Bi,Sb)2Te3 ternary compound",Bi2Te3,Bi2Te3,BiSbTe GeTe,BiSbTe + GeTe(nano),Bulk,
265,1997.0,https://doi.org/10.1109/ICT.1997.667089,10.1109/ICT.1997.667089,Fig. 4 (d),x = 0.15,(Pb0.9Ge0.1) hot-pressed at 650 oC,GeTe,GeTe,PbGeTe Bi,0.3wt%Bi + Pb0.9Ge0.1Te,Bulk,HP
266,1997.0,https://doi.org/10.1109/ICT.1997.667089,10.1109/ICT.1997.667089,Fig. 4 (d),x = 0.15,(Pb0.85Ge0.15) hot-pressed at 750 oC,GeTe,GeTe,PbGeTe Bi,0.3wt%Bi + Pb0.85Ge0.15Te,Bulk,HP
268,2008.0,https://doi.org/10.1088/0957-4484/19/24/245707,10.1088/0957-4484/19/24/245707,Figure 3 (a),TAGS-75,(GeTe)75(AgSbTe2)25,GeTe,GeTe,GeTeAgSbTe,(GeTe)75(AgSbTe2)25,Bulk,HP
269,2010.0,https://doi.org/10.1007/s11664-009-0993-y,10.1007/s11664-009-0993-y,Fig. 3,y=1.2,(GeTe)80(Ag1.2Sb0.8Te1.8)20,GeTe,GeTe,GeTeAgSbTe,(GeTe)80(Ag1.2Sb0.8Te1.8)20,Bulk,HP
270,2009.0,https://doi.org/10.1007/s11664-009-0779-2,10.1007/s11664-009-0779-2,Fig. 7,Ar,(AgSbTe2)15(GeTe)85 ball-milled at Ar atmosphere,GeTe,GeTe,GeTeAgSbTe,(GeTe)85(AgSbTe2)15,Bulk,SPS
272,2003.0,https://doi.org/10.1109/ICT.2003.1287500,10.1109/ICT.2003.1287500,Figure 3,TAGS: (GeTe)3(Ag0.8Sb1.2Te.2.2)1,,GeTe,GeTe,GeTeAgSbTe,(GeTe)8(Ag0.8Sb1.2Te2.2)2,Bulk,HP
273,2009.0,https://doi.org/10.1016/j.jssc.2009.05.024,10.1016/j.jssc.2009.05.024,Figure 5,TAGS-85,,GeTe,GeTe,AgSbTe GeTe,(AgSbTe2)0.15(GeTe)0.85,Bulk,SPS
275,2011.0,https://doi.org/10.1002/adfm.201001307,10.1002/adfm.201001307,Figure 6,TAGS-85+1%Ce,,GeTe,GeTe,AgSbGeTeCe,Ag6.52Sb6.52Ge36.96Te49.00Ce1.00,Bulk,
276,2004.0,https://doi.org/10.1016/j.jallcom.2004.01.018,10.1016/j.jallcom.2004.01.018,Figure 7,Hot pressed TlSbTe2,,Telluride,ABQ2,TlSbTe,TlSbTe2,Bulk,HP
279,2008.0,https://doi.org/10.1016/j.jallcom.2007.01.015,10.1016/j.jallcom.2007.01.015,Figure 7,0.1vol% SiC in Bi2Te3,0.1vol% SiC in Bi2Te3,Bi2Te3,Bi2Te3,BiTe SiC,Bi2Te3 0.1vol%SiC,Bulk,SPS
280,2006.0,https://doi.org/10.1063/1.2172705,10.1063/1.2172705,Figure 6,y = 0.28 (SryCo4Sb12),y = 0.28 (SryCo4Sb12),SKD,SKD,SrCoSb,Sr0.28Co4Sb12,Bulk,SPS
281,2009.0,https://doi.org/10.1016/j.actamat.2009.02.026,10.1016/j.actamat.2009.02.026,Figure 8,LM-SPSed Hf0.6Zr0.4NiSn0.98Sb0.02,,HH,HfNiSn,HfZrNiSnSb,Hf0.6Zr0.4NiSn0.98Sb0.02,Bulk,SPS
282,2010.0,https://doi.org/10.1016/j.actamat.2010.03.025,10.1016/j.actamat.2010.03.025,Figure 8,"x=0.26, y=0.2",YbxCo4Sb12/yGaSb,SKD,SKD,YbCoSb GaSb,Yb0.26Co4Sb12 / 0.2GaSb,Bulk,SPS
283,2008.0,https://doi.org/10.1063/1.3027060,10.1063/1.3027060,Figure 3(d),Nano Sample-1,,SiGe,SiGe,SiGe,SiGe nanopowder,Bulk,HP
284,2008.0,https://doi.org/10.1002/adfm.200800298,10.1002/adfm.200800298,Figure 6,x=0.8,Yb14Mn1-xAlxSb11,SKD,SKD,YbMnAlSb,Yb14Mn0.2Al0.8Sb11,Bulk,HP
286,2008.0,https://doi.org/10.1063/1.2951888,10.1063/1.2951888,Figure 9,x = 0.5,,clathrate,clathrate,YbBaGaGe,Yb0.5Ba7.5Ga16Ge30,Bulk,SPS
288,2008.0,https://doi.org/10.1021/cm802367f,10.1021/cm802367f,Figure 5(b),CoSb2.75Te0.20Sn0.05,,SKD,SKD,CoSbTeSn,CoSb2.75Te0.2Sn0.05,Bulk,SPS
289,2008.0,https://doi.org/10.1063/1.2936277,10.1063/1.2936277,Figure 4(b),y = 0.3,,SKD,SKD,YbCoSb,Yb0.2Co4Sb12.3,Bulk,SPS
291,2006.0,https://doi.org/10.1063/1.2180432,10.1063/1.2180432,Figure 10,x = 9,,HH,ZrNiSn,ZrHfNiPdSnSb ZrO,Zr0.5Hf0.5Ni0.8Pd0.2Sn0.99Sb0.01 ZrO2,Bulk,SPS
292,2014.0,https://doi.org/10.1063/1.4896520,10.1063/1.4896520,Figure 3(d),ZT across the layer plance (ac),,Cu2Q,M2Q,CuSeAl,Cu1.94Al0.02Se,Bulk,HP
294,2013.0,https://doi.org/10.1002/adma.201302660,10.1002/adma.201302660,Figure 1,Cu2Se,,Cu2Q,M2Q,CuSe I,Cu2Se1-xIx,Bulk,SPS
295,2012.0,https://doi.org/10.1038/NMAT3273,10.1038/NMAT3273,Figure 2(d),beta-Cu2Se,,Cu2Q,M2Q,CuSe,Cu2Se,Bulk,SPS
296,2015.0,https://doi.org/10.1038/am.2015.91,10.1038/am.2015.91,Figure 3(d),833 K,annealed at 833 K,Cu2Q,M2Q,CuTe,Cu2Te,Bulk,SPS
298,2014.0,https://doi.org/10.1007/s40243-014-0026-5,10.1007/s40243-014-0026-5,Figure 2(f),Cu1.97Ag0.03Se,,Cu2Q,M2Q,CuSe Ag,Cu1.97Ag0.03Se,Bulk,HP
299,2013.0,https://doi.org/10.1039/c3ta12508d,10.1039/c3ta12508d,Figure 9,Cu2Se,,Cu2Q,M2Q,CuSe,Cu2Se,BUlk,SPS
301,2017.0,https://doi.org/10.1002/adma.201605887,10.1002/adma.201605887,Figure 7,x=0.14(1.1E20) 5%Sn excess,Sn0.91Mn0.14Te(Cu2Te ) 0.05,Telluride,SnTe,SnMnTeCu,Sn0.89Mn0.14Te(Cu2Te)0.05,Bulk,HP
302,2017.0,https://doi.org/10.1016/j.jallcom.2017.02.295,10.1016/j.jallcom.2017.02.295,Figure 4,x=0.01,BixCu1.8-xS,Cu2Q,M2Q,BiCuS,Bi0.01Cu1.79S,Bulk,SPS
312,2022.0,https://doi.org/10.1038/s41467-022-33774-z,10.1038/s41467-022-33774-z,Figure 5(a),x=0.07 873K,"Sintering T 873 K, x=0.07 (BixGe0.97-xTe)",GeTe,GeTe,GeBiTe,Bi0.07Ge0.90Te-873,Bulk,"SPS 5min, 60 Mpa"
313,2021.0,https://doi.org/10.1016/j.apsusc.2021.150873,10.1016/j.apsusc.2021.150873,figure 7(b),a direction 900 K,"p-type single-layer Sb2Si2Te6, a direction, 900 K",Sr2Si2Te6,Sr2Si2Te6,Single-layer Sb2Si2Te6,"Single-layer Sb2Si2Te6, calculation, ",2D,
330,2021.0,https://doi.org/10.1038/s41563-021-01064-6,10.1038/s41563-021-01064-6,Figure 5,x=0.03,,Selenide,SnSe,NaSnSe,Na0.03Sn0.965Se purified,,
331,2018.0,https://doi.org/10.1126/science.aaq1479,10.1126/science.aaq1479,Figure 1(a),"n-type SnSe, 1.2E19",,Selenide,SnSe,BrSnSe,SnSe1-xBrx (x=0-0.03),,
332,2019.0,https://doi.org/10.1016/j.joule.2019.01.001,10.1016/j.joule.2019.01.001,Figure 1,parallel to press direction of SPS,,Selenide,SnSe,SnSePbSe,Na0.01(Sn0.95Pb0.05)0.99Se,,
351,2021.0,https://doi.org/10.1038/s41467-021-21391-1,10.1038/s41467-021-21391-1,Figure 2,"Segmented, n-type Sb0.5 for T<425K, n-type Sb0.5 for T>425K","Segmented, n-type Sb0.5 for T<425K, n-type Sb0.5 for T>425K",Mg3Sb2,"Mg3(Bi,Sb)2",MgBiSbTe,Mg3.3Bi1.298Sb0.7Te0.002+Mg3.3Bi1.498Sb0.5Te0.002,,
352,2021.0,https://doi.org/10.1038/s41467-021-21391-1,10.1038/s41467-021-21391-1,Figure 2,p-type,p-MgAgSb: MgAg0.97Sb0.99,HH,MgAgSb,MgAgSb,MgAg0.97Sb0.99,,
353,2018.0,https://doi.org/10.1038/s41467-018-04958-3,10.1038/s41467-018-04958-3,Figure 6(c) ,ZrCoBi0.65Sb0.15Sn0.2,,HH,ZrCoBi,ZrCoBiSbSn,ZrCoBi0.65Sb0.15Sn0.2,,
354,2016.0,https://doi.org/10.1038/nnano.2016.182,10.1038/nnano.2016.182,Figure 3,MNC35,xBaM/Ba0.3In0.3Co4Sb12,SKD,CoSb3,x%BaFeO-NP / BaInCoSb,0.35%BaFeO-NP / Ba0.3In0.3Co4Sb12,,
355,2016.0,https://doi.org/10.1038/ncomms12167,10.1038/ncomms12167,Figure 5(a),"Pb0.98Na0.02Te-8% SrTe, non-equilibrium, this study",,PbTe,PbTe,PbNaTe-8%SrTe,Pb0.98Na0.02Te-8%SrTe,,
356,2019.0,https://doi.org/10.1038/s41467-019-10476-7 ,10.1038/s41467-019-10476-7 ,Figure 6,Pb0.14,Bi0.86Pb0.14CuSeO,Oxide,BiCuSeO,BiPbCuSeO,Bi0.86Pb0.14CuSeO,,
358,2021.0,https://doi.org/10.1126/science.abb3517,10.1126/science.abb3517,Figure 4,AgSb0.94Cd0.06Te2,AgSb1–xCdxTe2,AgSbQ2,AgSbTe2,AgSbCdTe,AgSb0.94Cd0.06Te2,,
359,2019.0,https://doi.org/10.1126/science.aax5123,10.1126/science.aax5123,Figure 6(a) ,x = 0.09,SnS1-xSex,Sulfide,SnS,SnSSe,SnS0.91Se0.09,,
360,2021.0,https://doi.org/10.1126/science.abe1292,10.1126/science.abe1292,Figure 4(d),"x = 0.25, y = 0.10",Pb0.89Sb0.012Sn0.1Se0.5Te0.25S0.25,Selenide,PbSe,PbSbSnSeTeS,Pb0.89Sb0.012Sn0.1Se0.5Te0.25S0.25,,
361,2019.0,https://doi.org/10.1126/science.aax7792,10.1126/science.aax7792,Figure 4(f),x = 0.5,Mg3.2Bi1.298Sb0.7Te0.002,Mg3Sb2,Mg3Bi2,MgBiSbTe,Mg3.2Bi1.298Sb0.7Te0.002,,
362,2020.0,https://doi.org/10.1039/d0ee02638g,10.1039/d0ee02638g,Figure 5(f),x = 0.004,Sb2Te3(Sn0.006Re0.004Te)8,Bi2Te3,Sb2Te3,SbTeSnReTe,Sb2Te3(Sn0.006Re0.004Te)8,,
363,2021.0,https://doi.org/10.1039/d0ee03459b,10.1039/d0ee03459b,Figure 9(b),n = 0.3,Cu0.033PbSb0.03TeSe0.06,PbTe,PbTe,CuPbSbTeSe,Cu0.033PbSb0.03TeSe0.06,,
364,2021.0,https://doi.org/10.1039/d0ee02791j,10.1039/d0ee02791j,Figure 2(d),Ge0.92Sb0.04Bi0.04Te0.95Se0.05,Ge0.92Sb0.04Bi0.04Te0.95Se0.05,GeTe,GeTe,GeSbBiTeSe,Ge0.92Sb0.04Bi0.04Te0.95Se0.05,,
365,2016.0,https://doi.org/10.1039/d0ee01349h,10.1039/d0ee01349h,Figure 2(a),BTS+15Te+0.20Sb,Bi1.8Sb0.2Te2.7Se0.3 + 15 wt% Te,Bi2Te3,Bi2Te3,BiSbTeSe,Bi1.8Sb0.2Te2.7Se0.3 + 15 wt% Te,,
366,2019.0,https://doi.org/10.1039/c9ee01137d,10.1039/c9ee01137d,Figure 6(a) ,x = 0.02,PbTeCu0.002,PbTe,PbTe,PbTeCu,PbTeCu0.002,,
367,2020.0,https://doi.org/10.1039/c9ee03087e,10.1039/c9ee03087e,Figure 8,x = 6%,Pb0.98K0.02Se + 6% CdSe,Selenide,PbSe,PbKSeCdSe,Pb0.98K0.02Se + 6% CdSe,,
368,2020.0,https://doi.org/10.1039/c9ee03897c,10.1039/c9ee03897c,Figure 6(c) ,"x = 1, out of plane",SnSe0.95+x%PbBr2,Selenide,SnSe,SnSePbBr2,SnSe0.95 + 1% PbBr2,,
369,2019.0,https://doi.org/10.1039/c8ee03386b,10.1039/c8ee03386b,Figure 7(c) ,x=3,PbSe + 3% CdSe,Selenide,PbSe,PbSeCdSe,PbSe + 3% CdSe,,
372,2016.0,https://doi.org/10.1039/c6ee02017h,10.1039/c6ee02017h,Figure 1(b),M: Cu x = 0.005,,Bi2Te3,Bi2Te3,"BiSbMTe (M=Cd, Cu, Ag)",Bi0.5Sb1.495Cu0.005Te3,,
373,2017.0,https://doi.org/10.1039/c7ee00098g,10.1039/c7ee00098g,Figure 4(b),x= 0.15,Mg3.05Nb0.15Sb1.5Bi0.49Te0.01,Zintl,Mg3Sb2,MgNbSbBiTe,Mg3.05Nb0.15Sb1.5Bi0.49Te0.01,,
374,2017.0,https://doi.org/10.1039/c7ee01193h,10.1039/c7ee01193h,Figure 5(b),1 mol% In,Cu2Se + 1 mol% In,Cu2Q,Cu2Se,CuSeIn,Cu2Se + 1 mol% In,,
375,2017.0,https://doi.org/10.1039/c7ee01871a,10.1039/c7ee01871a,Figure 1(b),PbTe0.998I0.002-3%Sb,,PbTe,PbTe,PbTeISb,PbTe0.998I0.002 + 3% Sb composite,,
376,2017.0,https://doi.org/10.1039/c7ee02530k,10.1039/c7ee02530k,Figure 3,Sn0.97Bi0.03Te–3% PbTe,Sn0.97Bi0.03Te–3% PbTe,Telluride,SnTe,SnBiTePb,Sn0.97Bi0.03Te + 3% PbTe,,
377,2017.0,https://doi.org/10.1039/c7ee02677c,10.1039/c7ee02677c,Figure 14,x = 0.4,Bi0.4Sb1.6Te3,Bi2Te3,Bi2Te3,BiSbTe,Bi0.4Sb1.6Te3,,
378,2018.0,https://doi.org/10.1039/c8ee00112j,10.1039/c8ee00112j,Figure 5(a),x = 0.0035,In0.0035Pb0.9965Te0.996I0.004,PbTe,PbTe,InPbTeI,In0.0035Pb0.9965Te0.996I0.004,,
379,2018.0,https://doi.org/10.1039/c8ee00290h,10.1039/c8ee00290h,Figure 17,,Zn0.015Bi0.46Sb1.54Te3.015,Bi2Te3,Bi2Te3,ZnBiSbTe,Zn0.015Bi0.46Sb1.54Te3.015,,
380,2018.0,https://doi.org/10.1039/c8ee01151f,10.1039/c8ee01151f,Figure 8(c) ,x=4,PbTe + 4% MnTe,PbTe,PbTe,PbTeMn,PbTe + 4% MnTe,,
382,2019.0,https://doi.org/10.1039/c8ee03162b,10.1039/c8ee03162b,Figure 6,Sn0.57Sb0.13Ge0.3Te SPS,Sn0.57Sb0.13Ge0.3Te SPS,Telluride,SnTe,SnSbGeTe,Sn0.57Sb0.13Ge0.3Te,,
383,2019.0,https://doi.org/10.1039/c9ee00317g,10.1039/c9ee00317g,Figure 6(a),y=0.05,Bi0.05Ge0.99Te,GeTe,GeTe,BiGeTe,Bi0.05Ge0.99Te,,
385,2016.0,https://doi.org/10.1039/c5ee02600h,10.1039/c5ee02600h,Figure 1,Ge0.25Sb0.02,Mg2Sn0.73Ge0.25Sb0.02,Silicide,Mg2Sn,MgSnGeSb,Mg2Sn0.73Ge0.25Sb0.02,,
387,2015.0,https://doi.org/10.1039/c4ee01463d,10.1039/c4ee01463d,Figure 9(a),x=3,Sn0.98Bi0.02Te - 3% HgTe,Telluride,SnTe,SnBiTeHg,Sn0.98Bi0.02Te + 3% HgTe,,
388,2013.0,https://doi.org/10.1039/c3ee41935e,10.1039/c3ee41935e,Figure 4(e) ,AgSb0.98Bi0.02Se2,AgSb0.98Bi0.02Se2,AgSbQ2,AgSbSe2,AgSbBiSe,AgSb0.98Bi0.02Se2,,
389,2020.0,https://doi.org/10.1016/j.joule.2019.10.010,10.1016/j.joule.2019.10.010,Figure 4(h),"Sb2Si2Te6/Si2Te3, cross plane",,Telluride,Sb2Si2Te6,SbSiTe,Sb2Si2Te6 / Si2Te3,,
390,2019.0,https://doi.org/10.1002/adfm.201906143,10.1002/adfm.201906143,Figure 6(c) ,"Mn, y=0.05 // Mg3.2-yAySb1.5Bi0.49Se0.01","Mn, y=0.05 // Mg3.2-yAySb1.5Bi0.49Se0.01",Mg3Sb2,Mg3Sb2,MgMnSbBiSe,Mg3.15Mn0.05Sb1.5Bi0.49Se0.01,,
391,2018.0,https://doi.org/10.1002/aenm.201800659,10.1002/aenm.201800659,Figure 7(a),x=0.02,Pb0.98Ga0.02Te,PbTe,PbTe,PbGaTe,Pb0.98Ga0.02Te,,
392,2020.0,https://doi.org/10.1002/adfm.202005202,10.1002/adfm.202005202,Figure 6(d),w=0.004,Bi0.396Sb1.525In0.075Cu0.004Te3,Bi2Te3,Bi2Te3,BiSbInCuTe,Bi0.396Sb1.525In0.075Cu0.004Te3,,
393,2020.0,https://doi.org/10.1002/adfm.201910059,10.1002/adfm.201910059,Figure 8(a),x=0.06,Ge0.8Pb0.1Bi0.1Te1.06,GeTe,GeTe,GePbBiTe,Ge0.8Pb0.1Bi0.1Te1.06,,
395,2016.0,https://doi.org/10.1002/aenm.201502269,10.1002/aenm.201502269,Figure 4(a),x=0.005,Mg0.995Li0.005Ag0.97Sb0.99,MgAgSb,MgAgSb,MgLiAgSb,Mg0.995Li0.005Ag0.97Sb0.99,,
396,2020.0,https://doi.org/10.1002/aenm.202003304,10.1002/aenm.202003304,Figure 5(c) ,x=0.3 - Br 1%,Ag0.7Bi0.7Pb0.3Se1.683Br0.01,Selenide,AgBiSe2,AgBiSePbBr,Ag0.7Bi0.7Pb0.3Se1.683Br0.01,,
397,2019.0,https://doi.org/10.1002/aenm.201900354,10.1002/aenm.201900354,Figure 6(a),Bi1.90Ta1.10O2Se,Bi1.90Ta1.10O2Se,Oxide,Bi2O2Se,BiTaOSe,Bi1.90Ta1.10O2Se,,
398,2020.0,https://doi.org/10.1002/aenm.202002588,10.1002/aenm.202002588,Figure 5(c) ,Ge0.88Bi0.06Sc0.06Te,Ge0.88Bi0.06Sc0.06Te,GeTe,GeTe,GeCrBiTe,Ge0.88Bi0.06Sc0.06Te,,
399,2018.0,https://doi.org/10.1002/adfm.201801617,10.1002/adfm.201801617,Figure 5(d),"Pb0.988Sb0.012Te-13% GeTe, SS SPSed pellets","Pb0.988Sb0.012Te-13% GeTe, SS SPSed pellets",PbTe,PbTe,PbSbGeTe,Pb0.988Sb0.012Te + 13% GeTe,,
400,2018.0,https://doi.org/10.1002/aenm.201803072,10.1002/aenm.201803072,Figure 6(a),Sn0.99Na0.01Se-STSe,Sn0.99Na0.01Se-1 mol% Ag8SnSe6,Selenide,SnSe,SnNaAgSnSe,Sn0.99Na0.01Se + 1 mol% Ag8SnSe6,,
401,2020.0,https://doi.org/10.1002/adfm.202007340,10.1002/adfm.202007340,Figure 3(f),"PST81-xSb, x=0.6",(PbTe)81Sb2Te3 + 0.6Sb + 2Cu2Te,PbTe,PbTe,PbSbCuTe,(PbTe)81Sb2Te3 + 0.6Sb + 2Cu2Te,,
402,2019.0,https://doi.org/10.1002/aenm.201902986,10.1002/aenm.201902986,Figure 5(c) ,1 vol%,Bi0.4Sb1.6Te3 + 1 vol% Ti3C2Tx,Bi2Te3,Bi2Te3,"BiSbTeTiC + T(O,OH,F group)",Bi0.4Sb1.6Te3 + 1 vol% Ti3C2Tx,,
403,2020.0,https://doi.org/10.1002/adfm.202005479,10.1002/adfm.202005479,Figure 1(a),x=0.02,Ga0.02Pb0.98Te,PbTe,PbTe,GaPbTe,Ga0.02Pb0.98Te,,
404,2020.0,https://doi.org/10.1002/adma.202003730,10.1002/adma.202003730,Figure 1(a),"x=0.005, y=0.001",Cu2Se1.005 + 0.1 mol% BiCuSeO,Cu2Q,Cu2Se,CuSeBiCuO,Cu2Se1.005 + 0.1 mol% BiCuSeO,,
405,2018.0,https://doi.org/10.1002/aenm.201803249,10.1002/aenm.201803249,Figure 7(f),Cr,Cr2Cu26Ge6S32,Cu2Q,CuS,CuCrGeS,Cr2Cu26Ge6S32,,
406,2018.0,https://doi.org/10.1002/adfm.201803617,10.1002/adfm.201803617,Figure 7(a),HD5,Bi1.95Sb0.05Te2.3Se0.7,Bi2Te3,Bi2Te3,BiSbTeSe,Bi1.95Sb0.05Te2.3Se0.7,,
407,2017.0,https://doi.org/10.1002/adma.201703148,10.1002/adma.201703148,Figure 1(c) ,PbTe-4%InSb,PbTe-4%InSb,PbTe,PbTe,PbTeInSb,PbTe + 4% InSb,,
408,2017.0,https://doi.org/10.1002/aenm.201602582,10.1002/aenm.201602582,Figure 10(a),x=20,Yb0.3Co4Sb12 + 20% Sb,SKD,CoSb3,YbCoSb,Yb0.3Co4Sb12 + 20% Sb,,
410,2019.0,https://doi.org/10.1002/adfm.201806613,10.1002/adfm.201806613,Figure 2(f),GeTe-5% Bi2Te3,Ge1-xBixTe1+0.5x,GeTe,GeTe,GeBiTe,Ge0.95Bi0.05Te 1.025,,
411,2018.0,https://doi.org/10.1002/adfm.201807235,10.1002/adfm.201807235,Figure 4(b),x=1.5,Mg3.2Sb0.015Bi1.975Te0.01,Mg3Sb2,Mg3Sb2,MgSbBiTeMn,Mg3.2Sb0.015Bi1.975Te0.01,,
412,2019.0,https://doi.org/10.1002/adfm.201903157,10.1002/adfm.201903157,Figure 10(d),Sb-1,"((Fe0.95Co0.05)0.27Si0.73)0.94Ge0.06 (with 0.5 wt% Cu, and 3 at% P + 1 at% Sb of DC phase)",Silicide,Fe2Si,FeCoSiGeSb,((Fe0.95Co0.05)0.27Si0.73)0.94Ge0.06 + 1 at% Sb,,
413,2018.0,https://doi.org/10.1002/adma.201705942,10.1002/adma.201705942,Figure 2(f),"x=0.1, y=0.01",Ge0.89Sb0.1In0.01Te,GeTe,GeTe,GeSbInTe,Ge0.89Sb0.1In0.01Te,,
416,2017.0,https://doi.org/10.1002/aenm.201700446,10.1002/aenm.201700446,Figure 6(b),HZNSS-5min,Hf0.25Zr0.75NiSn0.97Sb0.03,HH,ZrNiSn,HfZrNiSnSb,Hf0.25Zr0.75NiSn0.97Sb0.03,,
418,2018.0,https://doi.org/10.1002/aenm.201802116,10.1002/aenm.201802116,Figure S6,y=0.03,Sn0.555Ge0.15Pb0.075Mn0.275Te,Telluride,SnTe,SnGePbMnTe,Sn0.555Ge0.15Pb0.075Mn0.275Te,,
419,2019.0,https://doi.org/10.1002/aenm.201803242,10.1002/aenm.201803242,Figure 9(e) ,Sn0.948Cd0.023Se,Sn0.948Cd0.023Se,Selenide,SnSe,SnCdSe,Sn0.948Cd0.023Se,,
420,2019.0,https://doi.org/10.1002/aenm.201901334,10.1002/aenm.201901334,Figure 8(a),x=12,SnSe + 12% PbSe,Selenide,SnSe,SnPbSe,SnSe + 12% PbSe,,
421,2020.0,https://doi.org/10.1002/aenm.202000757,10.1002/aenm.202000757,Figure 1(a),BST/B-0.6,BST composite materials after incorporating boron,Bi2Te3,Bi2Te3,BiSbTeB,Bi0.5Sb1.5Te3 + 0.6 wt% B,,
422,2019.0,https://doi.org/10.1038/s41467-018-08223-5,10.1038/s41467-018-08223-5,Figure 5(b),Ta0.74V0.1Ti0.16FeSb,Ta0.74V0.1Ti0.16FeSb,HH,TaFeSb,TaVTiFeSb,Ta0.74V0.1Ti0.16FeSb,,
423,2020.0,https://doi.org/10.1039/c9ee03897c,10.1039/c9ee03897c,Figure 6(c) ,"x = 2, out of plane",SnSe0.95+x%PbBr2,Selenide,SnSe,SnSePbBr,SnSe0.95 + 2% PbBr2,,
424,2017.0,https://doi.org/10.1038/nature23667,10.1038/nature23667,Figure 3(d),MNC02R,xCo/Ba0.3In0.3Co4Sb12,SKD,CoSb3,BaInCoSb,Ba0.3In0.3Co4Sb12+0.1%Co,,
