SID,sample_id,is_extendable_tep,fraction_Ts_TEPZToverTEPZTex,is_Temperature_range_valid,autoTc,autoTh,ztTc,ztTh,Tc_ofTEP,Th_ofTEP,Tc_ofZT,Th_ofZT,Tc_ofTEPZT,Th_ofTEPZT,deltaT_ofTEP,deltaT_ofZT,deltaT_ofTEPZT,avg_ZT_ofRawFig,avg_ZT_ofTEPEval,peak_ZT_ofRawFig,peak_ZT_ofTEPEval,d_Tmid,d_avgZT,d_peakZT,errdZT_Linf,errdZT_L2,errdZT_L1,is_avg_ZT_ofRawFig_positiveFinite,is_avg_ZT_ofTEPEval_positiveFinite,ispeak_ZT_ofRawFig_positiveFinite,is_peak_ZT_ofTEPEval_positiveFinite,errdZT_Linf_over_avg_ZT_ofRawFig,errdZT_Linf_over_avg_ZT_ofTEPEval,errdZT_Linf_over_peak_ZT_ofRawFig,errdZT_Linf_over_peak_ZT_ofTEPEval
49,3225,True,0.0,False,,,,,,,,,,,,,,,,,,,,,,,,,,,,,,,
49,3226,True,0.0,False,,,,,,,,,,,,,,,,,,,,,,,,,,,,,,,
49,3227,True,0.0,False,,,,,,,,,,,,,,,,,,,,,,,,,,,,,,,
49,3228,True,0.0,False,,,,,,,,,,,,,,,,,,,,,,,,,,,,,,,
49,3229,True,0.0,False,,,,,,,,,,,,,,,,,,,,,,,,,,,,,,,
73,5857,True,0.9830508474576272,True,305.3118,769.6075,296.378,769.945,306.0,768.0,298.0,768.0,306.0,768.0,462.0,470.0,462.0,0.08899409258746449,-0.0095152157329161,0.2805672134569366,0.6767050836774086,-4.0,0.09850930832038059,-0.396137870220472,1.7640730995104026,0.18847187472198423,0.11390056440929217,,False,,,,,,
73,5859,True,0.9875,True,297.4978,770.3776,296.4802,776.3114,298.0,770.0,298.0,776.0,298.0,770.0,472.0,478.0,472.0,0.28910714733802206,-0.00842221609735245,0.5862904524250048,0.17822491963280984,3.0,0.2975293634353745,0.40806553279219493,0.8695266525895424,0.3492801591003111,0.29472898196227926,,False,,,,,,
362,13722,True,0.0,False,,,,,,,,,,,,,,,,,,,,,,,,,,,,,,,
362,13723,True,0.0,False,,,,,,,,,,,,,,,,,,,,,,,,,,,,,,,
362,13724,True,0.0,False,,,,,,,,,,,,,,,,,,,,,,,,,,,,,,,
495,23566,True,0.0,False,,,,,,,,,,,,,,,,,,,,,,,,,,,,,,,
495,23567,True,0.0,False,,,,,,,,,,,,,,,,,,,,,,,,,,,,,,,
495,23568,True,0.0,False,,,,,,,,,,,,,,,,,,,,,,,,,,,,,,,
499,23589,True,0.0,False,,,,,,,,,,,,,,,,,,,,,,,,,,,,,,,
499,23590,True,0.0,False,,,,,,,,,,,,,,,,,,,,,,,,,,,,,,,
499,23591,True,0.0,False,,,,,,,,,,,,,,,,,,,,,,,,,,,,,,,
499,23592,True,0.0,False,,,,,,,,,,,,,,,,,,,,,,,,,,,,,,,
499,23593,True,0.0,False,,,,,,,,,,,,,,,,,,,,,,,,,,,,,,,
499,23594,True,0.0,False,,,,,,,,,,,,,,,,,,,,,,,,,,,,,,,
499,23595,True,0.0,False,,,,,,,,,,,,,,,,,,,,,,,,,,,,,,,
499,23596,True,0.0,False,,,,,,,,,,,,,,,,,,,,,,,,,,,,,,,
744,10504,True,0.0,False,,,,,,,,,,,,,,,,,,,,,,,,,,,,,,,
744,10505,True,0.0,False,,,,,,,,,,,,,,,,,,,,,,,,,,,,,,,
747,12865,True,0.0,False,,,,,,,,,,,,,,,,,,,,,,,,,,,,,,,
747,12866,True,0.0,False,,,,,,,,,,,,,,,,,,,,,,,,,,,,,,,
747,12867,True,0.0,False,,,,,,,,,,,,,,,,,,,,,,,,,,,,,,,
747,12868,True,0.0,False,,,,,,,,,,,,,,,,,,,,,,,,,,,,,,,
747,12869,True,0.0,False,,,,,,,,,,,,,,,,,,,,,,,,,,,,,,,
1177,673,True,0.5576407506702413,True,7.41024,745.5951,328.7129,753.4653,8.0,744.0,330.0,752.0,330.0,744.0,736.0,422.0,414.0,0.01179219605760824,inf,0.017061561958665702,inf,165.0,-inf,-inf,inf,inf,inf,,False,,,,,,
1185,20822,True,0.0,False,,,,,,,,,,,,,,,,,,,,,,,,,,,,,,,
1243,9195,True,0.0,False,,,,,,,,,,,,,,,,,,,,,,,,,,,,,,,
1243,9196,True,0.0,False,,,,,,,,,,,,,,,,,,,,,,,,,,,,,,,
1243,9197,True,0.0,False,,,,,,,,,,,,,,,,,,,,,,,,,,,,,,,
1243,9198,True,0.0,False,,,,,,,,,,,,,,,,,,,,,,,,,,,,,,,
1244,3443,True,0.0,False,,,,,,,,,,,,,,,,,,,,,,,,,,,,,,,
1279,8367,True,0.957345971563981,True,316.3934,722.7581,318.9812,738.7677,318.0,722.0,320.0,738.0,320.0,722.0,404.0,418.0,402.0,-0.0006876497505177382,0.0006419059142355146,0.0013451468982700145,0.0024919713604034154,9.0,-0.0013295556647532527,-0.0011468244621334008,0.0026756896663176944,0.0014275916330488679,0.0013186420248386412,False,,,,,,,
1379,27818,True,0.0,False,,,,,,,,,,,,,,,,,,,,,,,,,,,,,,,
1379,27821,True,0.0,False,,,,,,,,,,,,,,,,,,,,,,,,,,,,,,,
1473,18668,True,0.0,False,,,,,,,,,,,,,,,,,,,,,,,,,,,,,,,
1473,18669,True,0.0,False,,,,,,,,,,,,,,,,,,,,,,,,,,,,,,,
1473,18670,True,0.0,False,,,,,,,,,,,,,,,,,,,,,,,,,,,,,,,
1951,11355,True,0.9927272727272727,True,301.5873,847.619,298.546,849.6152,302.0,846.0,300.0,848.0,302.0,846.0,544.0,548.0,544.0,-0.0007909296502473934,1.9007550744932715e-05,0.0034789037365648163,0.00010178608942530728,0.0,-0.0008099372009923261,0.003377117647139509,0.005091875634337396,0.0020004821741603537,0.001597755271284475,False,,,,,,,
1960,786,True,0.0,False,,,,,,,,,,,,,,,,,,,,,,,,,,,,,,,
1960,787,True,0.0,False,,,,,,,,,,,,,,,,,,,,,,,,,,,,,,,
1960,788,True,0.0,False,,,,,,,,,,,,,,,,,,,,,,,,,,,,,,,
1960,789,True,0.0,False,,,,,,,,,,,,,,,,,,,,,,,,,,,,,,,
1960,790,True,0.0,False,,,,,,,,,,,,,,,,,,,,,,,,,,,,,,,
1986,14183,True,0.0,False,,,,,,,,,,,,,,,,,,,,,,,,,,,,,,,
1986,14184,True,0.0,False,,,,,,,,,,,,,,,,,,,,,,,,,,,,,,,
1986,14185,True,0.0,False,,,,,,,,,,,,,,,,,,,,,,,,,,,,,,,
1986,14186,True,0.0,False,,,,,,,,,,,,,,,,,,,,,,,,,,,,,,,
1986,14187,True,0.0,False,,,,,,,,,,,,,,,,,,,,,,,,,,,,,,,
1987,18162,True,0.8854166666666666,True,22.09524,363.3929,14.70767,398.548,24.0,362.0,16.0,398.0,24.0,362.0,338.0,382.0,338.0,0.007811547681545291,-0.5510498010260071,0.013056646472620729,1756.3019634402247,14.0,0.5588613487075523,-1756.288906793752,1756.2904389602054,143.18050432752767,39.58487436650151,,False,,,,,,
1987,18164,True,0.9459459459459459,True,22.16074,381.9613,31.49748,392.7107,24.0,380.0,32.0,392.0,32.0,380.0,356.0,360.0,348.0,0.003018247003236804,-45.26012410691623,0.006605653160587725,21182.442033126594,10.0,45.26314235391947,-21182.435427473432,21182.435947642043,2198.323615524917,675.6300030426,,False,,,,,,
1987,18165,True,0.9112903225806451,True,138.6667,364.2857,137.1782,385.9594,140.0,364.0,138.0,384.0,140.0,364.0,224.0,246.0,224.0,0.0016226130574569226,-120.13103961427461,0.0023318652760976493,2970.7778445548106,9.0,120.13266222733208,-2970.7755126895345,8330.615062385745,1167.3994486721242,593.757588720313,,False,,,,,,
2000,30205,True,0.4405940594059406,True,325.6723,505.7739,326.7115,728.5392,326.0,504.0,328.0,728.0,328.0,504.0,178.0,400.0,176.0,0.05017239877091535,-0.009136034293432441,0.09145974717023628,1.0023788636914757,113.0,0.05930843306434779,-0.9109191165212394,2.7206865585097018,0.35650910984613854,0.14973575738749223,,False,,,,,,
2001,16799,True,0.0,False,,,,,,,,,,,,,,,,,,,,,,,,,,,,,,,
2001,16802,True,0.0,False,,,,,,,,,,,,,,,,,,,,,,,,,,,,,,,
2001,16803,True,0.0,False,,,,,,,,,,,,,,,,,,,,,,,,,,,,,,,
2001,16805,True,0.0,False,,,,,,,,,,,,,,,,,,,,,,,,,,,,,,,
2009,6333,True,0.9885714285714285,True,298.2565,647.2011,300.0481,649.2706,300.0,646.0,302.0,648.0,302.0,646.0,346.0,346.0,344.0,0.01219389022180228,-0.0022736249706840346,0.038512080401645804,0.037234574200021735,2.0,0.014467515192486315,0.0012775062016240693,2.6531911275434594,0.20177573903861726,0.01869427780721707,,False,,,,,,
2024,825,True,0.9701986754966887,True,338.7656,924.2292,322.5615,926.747,340.0,924.0,324.0,926.0,340.0,924.0,584.0,602.0,584.0,0.019649776303349326,-0.1464684070181966,0.08271078269121204,0.36838071050804166,-7.0,0.16611818332154593,-0.28566992781682965,41.46780328796404,2.423185763111345,0.17600849108557068,,False,,,,,,
2325,5797,True,0.0,False,,,,,,,,,,,,,,,,,,,,,,,,,,,,,,,
2325,5798,True,0.0,False,,,,,,,,,,,,,,,,,,,,,,,,,,,,,,,
2325,5799,True,0.0,False,,,,,,,,,,,,,,,,,,,,,,,,,,,,,,,
2399,11442,True,0.9724137931034482,True,10.08403,293.8316,5.171399,294.4116,12.0,292.0,6.0,294.0,12.0,292.0,280.0,288.0,280.0,-0.00013929303202466804,0.00017965167282918193,0.001580944891418979,0.0008698899071084259,-2.0,-0.00031894470485384997,0.000711054984310553,0.002147968325760487,0.0009685462225362633,0.0007853473068795949,False,,,,,,,
2490,868,True,0.0,False,,,,,,,,,,,,,,,,,,,,,,,,,,,,,,,
2490,869,True,0.0,False,,,,,,,,,,,,,,,,,,,,,,,,,,,,,,,
2490,870,True,0.0,False,,,,,,,,,,,,,,,,,,,,,,,,,,,,,,,
2490,871,True,0.0,False,,,,,,,,,,,,,,,,,,,,,,,,,,,,,,,
2553,8629,True,0.0,False,,,,,,,,,,,,,,,,,,,,,,,,,,,,,,,
2553,8630,True,0.0,False,,,,,,,,,,,,,,,,,,,,,,,,,,,,,,,
2553,8631,True,0.0,False,,,,,,,,,,,,,,,,,,,,,,,,,,,,,,,
2553,8632,True,0.0,False,,,,,,,,,,,,,,,,,,,,,,,,,,,,,,,
2553,8633,True,0.0,False,,,,,,,,,,,,,,,,,,,,,,,,,,,,,,,
2553,8634,True,0.0,False,,,,,,,,,,,,,,,,,,,,,,,,,,,,,,,
2565,7126,True,0.9363636363636364,True,78.98964,295.0877,89.62736,298.2615,80.0,294.0,90.0,298.0,90.0,294.0,214.0,208.0,204.0,-5.484571235799501e-07,1.2557010720460412e-05,7.530515483018293e-05,8.498004082549945e-05,7.0,-1.3105467844040361e-05,-9.674885995316517e-06,5.8485830529212244e-05,2.2185581050197196e-05,1.753320838542513e-05,False,,,,,,,
2591,28847,True,0.0,False,,,,,,,,,,,,,,,,,,,,,,,,,,,,,,,
2591,28848,True,0.0,False,,,,,,,,,,,,,,,,,,,,,,,,,,,,,,,
2591,28849,True,0.0,False,,,,,,,,,,,,,,,,,,,,,,,,,,,,,,,
2591,28850,True,0.0,False,,,,,,,,,,,,,,,,,,,,,,,,,,,,,,,
2754,14363,True,0.0,False,,,,,,,,,,,,,,,,,,,,,,,,,,,,,,,
2754,14364,True,0.0,False,,,,,,,,,,,,,,,,,,,,,,,,,,,,,,,
2754,14365,True,0.0,False,,,,,,,,,,,,,,,,,,,,,,,,,,,,,,,
2754,14366,True,0.0,False,,,,,,,,,,,,,,,,,,,,,,,,,,,,,,,
2775,7207,True,0.9841269841269841,True,323.2847,573.3072,320.6887,571.9087,324.0,572.0,322.0,570.0,324.0,570.0,248.0,248.0,246.0,0.0430679728224291,inf,0.17985842066382918,inf,-2.0,-inf,-inf,inf,inf,inf,,False,,,,,,
2946,925,True,0.0,False,,,,,,,,,,,,,,,,,,,,,,,,,,,,,,,
2946,926,True,0.0,False,,,,,,,,,,,,,,,,,,,,,,,,,,,,,,,
2946,927,True,0.0,False,,,,,,,,,,,,,,,,,,,,,,,,,,,,,,,
2946,928,True,0.0,False,,,,,,,,,,,,,,,,,,,,,,,,,,,,,,,
3058,30421,True,0.0,False,,,,,,,,,,,,,,,,,,,,,,,,,,,,,,,
3058,30422,True,0.0,False,,,,,,,,,,,,,,,,,,,,,,,,,,,,,,,
3058,30423,True,0.0,False,,,,,,,,,,,,,,,,,,,,,,,,,,,,,,,
3058,30424,True,0.0,False,,,,,,,,,,,,,,,,,,,,,,,,,,,,,,,
3123,29085,True,0.9939024390243902,True,6.698706,333.0173,4.821387,332.9063,8.0,332.0,6.0,332.0,8.0,332.0,324.0,326.0,324.0,0.004887832979765183,-0.04760411651873469,0.007445412327520492,1.2874929197001626,-1.0,0.05249194949849987,-1.280047507372642,10.324998584216234,0.8240905805334633,0.12312864574726318,,False,,,,,,
3281,13250,True,0.0,False,,,,,,,,,,,,,,,,,,,,,,,,,,,,,,,
3281,13251,True,0.0,False,,,,,,,,,,,,,,,,,,,,,,,,,,,,,,,
3281,13252,True,0.0,False,,,,,,,,,,,,,,,,,,,,,,,,,,,,,,,
3281,13253,True,0.0,False,,,,,,,,,,,,,,,,,,,,,,,,,,,,,,,
3281,13255,True,0.0,False,,,,,,,,,,,,,,,,,,,,,,,,,,,,,,,
3295,1043,True,0.0,False,,,,,,,,,,,,,,,,,,,,,,,,,,,,,,,
3310,22093,True,0.976,True,329.8866,572.7273,323.2919,573.381,330.0,572.0,324.0,572.0,330.0,572.0,242.0,248.0,242.0,-7.138694343997423e-08,-4.438980067823248e-06,5.878422900334335e-06,0.00027176309287136057,-3.0,4.367593124383274e-06,-0.0002658846699710262,0.0002740677831763987,3.2928894114114216e-05,1.7019621366526677e-05,False,,,,,,,
3360,19763,True,0.0,False,,,,,,,,,,,,,,,,,,,,,,,,,,,,,,,
3372,14559,True,0.0,False,,,,,,,,,,,,,,,,,,,,,,,,,,,,,,,
3372,14560,True,0.0,False,,,,,,,,,,,,,,,,,,,,,,,,,,,,,,,
3372,14561,True,0.0,False,,,,,,,,,,,,,,,,,,,,,,,,,,,,,,,
3372,14562,True,0.0,False,,,,,,,,,,,,,,,,,,,,,,,,,,,,,,,
3372,14564,True,0.0,False,,,,,,,,,,,,,,,,,,,,,,,,,,,,,,,
3372,14565,True,0.0,False,,,,,,,,,,,,,,,,,,,,,,,,,,,,,,,
3385,11853,True,0.96875,True,312.9577,747.2422,302.9317,750.8222,314.0,746.0,304.0,750.0,314.0,746.0,432.0,446.0,432.0,-5.588994272329331e-05,3.6442251712089212e-06,0.00010231704762014061,1.7948782094114933e-05,-3.0,-5.953416789450223e-05,8.436826552602568e-05,0.00023967667515382177,0.00010465503688650437,7.599358440129378e-05,False,,,,,,,
3385,11856,True,0.989247311827957,True,354.0452,723.0287,355.0633,727.1371,356.0,722.0,356.0,726.0,356.0,722.0,366.0,370.0,366.0,-6.183143691309687e-05,5.977127306056833e-05,9.849122218247691e-05,0.0002747443107411732,2.0,-0.0001216027099736652,-0.00017625308855869626,0.00023798058004163237,0.00013727478066716015,0.0001238157922237091,False,,,,,,,
3496,28649,True,0.9919354838709677,True,302.5395,548.5251,300.3129,549.0585,304.0,548.0,302.0,548.0,304.0,548.0,244.0,246.0,244.0,-0.00011292895690089615,0.009429491164580906,0.0198971390917472,0.17250776593341896,-1.0,-0.009542420121481801,-0.15261062684167176,0.1737534572577335,0.024332073972020547,0.016989979387679387,False,,,,,,,
3697,10942,True,1.0,True,298.5158,671.7452,298.5928,671.362,300.0,670.0,300.0,670.0,300.0,670.0,370.0,370.0,370.0,0.0066420029189312516,-0.05111867029012556,0.03335142983374225,-0.018249836013201157,0.0,0.05776067320905681,0.05160126584694341,0.15544004504172057,0.07028090029582951,0.057760673209056805,,False,,,,,,
3703,17030,True,0.0,False,,,,,,,,,,,,,,,,,,,,,,,,,,,,,,,
3703,17031,True,0.0,False,,,,,,,,,,,,,,,,,,,,,,,,,,,,,,,
3703,17032,True,0.0,False,,,,,,,,,,,,,,,,,,,,,,,,,,,,,,,
3703,17033,True,0.0,False,,,,,,,,,,,,,,,,,,,,,,,,,,,,,,,
3905,6021,True,0.0,False,,,,,,,,,,,,,,,,,,,,,,,,,,,,,,,
3905,6022,True,0.0,False,,,,,,,,,,,,,,,,,,,,,,,,,,,,,,,
3905,6023,True,0.0,False,,,,,,,,,,,,,,,,,,,,,,,,,,,,,,,
3905,6024,True,0.0,False,,,,,,,,,,,,,,,,,,,,,,,,,,,,,,,
3905,6025,True,0.0,False,,,,,,,,,,,,,,,,,,,,,,,,,,,,,,,
3987,41092,True,0.0,False,,,,,,,,,,,,,,,,,,,,,,,,,,,,,,,
3987,41093,True,0.0,False,,,,,,,,,,,,,,,,,,,,,,,,,,,,,,,
3987,41094,True,0.0,False,,,,,,,,,,,,,,,,,,,,,,,,,,,,,,,
4015,28063,True,0.8927680798004988,True,311.8865,1026.793,301.6484,1103.846,312.0,1026.0,302.0,1102.0,312.0,1026.0,714.0,800.0,714.0,-0.0003263766897362392,0.0003067953996740315,0.0,0.001773691873823456,33.0,-0.0006331720894102707,-0.001773691873823456,0.001773691873823456,0.0007341941318916045,0.0006601936023227157,False,,,,,,,
4423,4680,True,0.0,False,,,,,,,,,,,,,,,,,,,,,,,,,,,,,,,
5086,15094,True,0.0,False,,,,,,,,,,,,,,,,,,,,,,,,,,,,,,,
5086,15095,True,0.0,False,,,,,,,,,,,,,,,,,,,,,,,,,,,,,,,
5086,15096,True,0.0,False,,,,,,,,,,,,,,,,,,,,,,,,,,,,,,,
5086,15097,True,0.0,False,,,,,,,,,,,,,,,,,,,,,,,,,,,,,,,
5180,4763,True,0.0,False,,,,,,,,,,,,,,,,,,,,,,,,,,,,,,,
5180,4764,True,0.0,False,,,,,,,,,,,,,,,,,,,,,,,,,,,,,,,
5180,4765,True,0.0,False,,,,,,,,,,,,,,,,,,,,,,,,,,,,,,,
5180,4766,True,0.0,False,,,,,,,,,,,,,,,,,,,,,,,,,,,,,,,
5180,4767,True,0.0,False,,,,,,,,,,,,,,,,,,,,,,,,,,,,,,,
5184,28101,True,0.9865470852017937,True,307.8732,748.2234,309.926,752.2697,308.0,748.0,310.0,752.0,310.0,748.0,440.0,442.0,438.0,-0.0002249859337586201,0.0007613619246017183,0.0025589198966674822,0.001633511146132296,3.0,-0.0009863478583603384,0.0009254087505351863,0.0023319711738342846,0.001410213048898226,0.0011604036037296927,False,,,,,,,
5186,14297,True,0.0,False,,,,,,,,,,,,,,,,,,,,,,,,,,,,,,,
5186,14298,True,0.0,False,,,,,,,,,,,,,,,,,,,,,,,,,,,,,,,
5202,4779,True,0.8305084745762712,True,297.9758,715.6892,323.5724,768.3212,298.0,714.0,324.0,768.0,324.0,714.0,416.0,444.0,390.0,-0.003053245948083274,3.5963643137775594e-05,0.00246471804707308,0.010242043927183524,40.0,-0.0030892095912210494,-0.007777325880110444,0.04099388600949524,0.0050491055706093895,0.0033932928485059946,False,,,,,,,
5295,20171,True,0.9326424870466321,True,7.257204,392.827,6.096131,367.1747,8.0,392.0,8.0,366.0,8.0,366.0,384.0,358.0,358.0,0.002227600017664732,inf,0.005174300053692457,inf,-13.0,-inf,-inf,inf,inf,inf,,False,,,,,,
5295,20172,True,0.967391304347826,True,22.1484,378.903,10.31653,378.898,24.0,378.0,12.0,378.0,24.0,378.0,354.0,366.0,354.0,0.00022026338345868516,-3.939999919578826e-05,0.0005833748027722404,0.001575416298568227,-6.0,0.0002596633826544734,-0.0009920414957959867,0.002026376311050511,0.0004060432819009,0.0002905100591787018,,False,,,,,,
5666,1250,True,0.9907407407407407,True,77.72018711912251,290.32261810614426,76.77911,292.6164,78.0,290.0,78.0,292.0,78.0,290.0,212.0,214.0,212.0,0.0073441904388834404,-0.0009439948390932535,0.02749823516012095,0.48596580157791297,1.0,0.008288185277976694,-0.458467566417792,0.47240886091253914,0.06222416189016654,0.01983509646962418,,False,,,,,,
5739,29055,True,0.6705336426914154,True,319.1062,911.828,48.53721,897.0744,320.0,910.0,50.0,896.0,320.0,896.0,590.0,846.0,576.0,0.010033109573864583,-0.006285508151523625,0.03239387526936756,0.32909561082930416,-142.0,0.01631861772538821,-0.2967017355599366,0.5058430555690431,0.04616468057137367,0.02340442149161095,,False,,,,,,
5758,6363,True,0.0,False,,,,,,,,,,,,,,,,,,,,,,,,,,,,,,,
6045,29133,True,0.0,False,,,,,,,,,,,,,,,,,,,,,,,,,,,,,,,
6045,29134,True,0.0,False,,,,,,,,,,,,,,,,,,,,,,,,,,,,,,,
6045,29135,True,0.0,False,,,,,,,,,,,,,,,,,,,,,,,,,,,,,,,
6045,29136,True,0.0,False,,,,,,,,,,,,,,,,,,,,,,,,,,,,,,,
6045,29137,True,0.0,False,,,,,,,,,,,,,,,,,,,,,,,,,,,,,,,
6496,22179,True,0.99,True,150.4425,349.5575,150.4425,351.7699,152.0,348.0,152.0,350.0,152.0,348.0,196.0,198.0,196.0,-0.00017364660948259735,0.008616775310529812,0.0016366189101537927,0.01105914093228465,1.0,-0.00879042192001241,-0.009422522022130859,0.011031753057925454,0.008882698916280844,0.008760086637024888,False,,,,,,,
6843,15244,True,0.0,False,,,,,,,,,,,,,,,,,,,,,,,,,,,,,,,
6843,15245,True,0.0,False,,,,,,,,,,,,,,,,,,,,,,,,,,,,,,,
6843,15246,True,0.0,False,,,,,,,,,,,,,,,,,,,,,,,,,,,,,,,
6843,15247,True,0.0,False,,,,,,,,,,,,,,,,,,,,,,,,,,,,,,,
6866,15248,True,0.0,False,,,,,,,,,,,,,,,,,,,,,,,,,,,,,,,
6866,15249,True,0.0,False,,,,,,,,,,,,,,,,,,,,,,,,,,,,,,,
6866,15250,True,0.0,False,,,,,,,,,,,,,,,,,,,,,,,,,,,,,,,
6866,15251,True,0.0,False,,,,,,,,,,,,,,,,,,,,,,,,,,,,,,,
7285,24972,True,0.708029197080292,True,101.906,303.9974,108.6961,375.2416,102.0,302.0,110.0,374.0,110.0,302.0,200.0,264.0,192.0,8.171160270218326e-06,inf,2.098949443235633e-05,inf,40.0,-inf,-inf,inf,inf,inf,,False,,,,,,
7285,24973,True,0.8315789473684211,True,118.4908,277.3578,108.7377,299.2,120.0,276.0,110.0,298.0,120.0,276.0,156.0,188.0,156.0,9.041906929725208e-06,inf,3.3155774925962494e-05,inf,6.0,-inf,-inf,inf,inf,inf,,False,,,,,,
7285,24974,True,0.9285714285714286,True,80.98542,288.8483,73.66234,297.3299,82.0,288.0,74.0,296.0,82.0,288.0,206.0,222.0,206.0,5.559942518700127e-06,-3.516586614030387e-08,2.2767524999999997e-05,3.6108525788403506e-07,0.0,5.595108384840431e-06,2.2406439742115963e-05,2.106343197313554e-05,7.914750163239428e-06,5.167224356564982e-06,,False,,,,,,
8854,18938,True,1.0,True,298.2886,573.1583,298.2246,573.15,300.0,572.0,300.0,572.0,300.0,572.0,272.0,272.0,272.0,-8.544898306222976e-05,0.0006355373580746584,0.00044353386282409247,0.0018009658268417052,0.0,-0.0007209863411368881,-0.0013574319640176128,0.0021833710850638005,0.0008536359634082957,0.0007357334204897249,False,,,,,,,
8992,29346,True,0.863768115942029,True,392.9538656443579,1081.15,484.8666,1082.821,394.0,1080.0,486.0,1082.0,486.0,1080.0,686.0,596.0,594.0,0.05056595096044818,-0.041519755451339166,0.18367592368746105,1.1941688970214588,47.0,0.09208570641178734,-1.0104929733339978,9.611388953418372,0.5752759186236742,0.12509554200565853,,False,,,,,,
8992,29347,True,0.8753623188405797,True,391.62732117513264,1078.275,475.5984,1080.775,392.0,1078.0,476.0,1080.0,476.0,1078.0,686.0,604.0,602.0,0.05766484968289498,-0.006228774303694832,0.2112117702917523,3.456811491340618,43.0,0.0638936239865898,-3.245599721048866,3.449382258757018,0.23627034542552705,0.10360636674556736,,False,,,,,,
9026,5181,True,0.0,False,,,,,,,,,,,,,,,,,,,,,,,,,,,,,,,
9084,16958,True,0.0,False,,,,,,,,,,,,,,,,,,,,,,,,,,,,,,,
9084,16959,True,0.0,False,,,,,,,,,,,,,,,,,,,,,,,,,,,,,,,
9299,2201,True,0.0,False,,,,,,,,,,,,,,,,,,,,,,,,,,,,,,,
9299,2202,True,0.0,False,,,,,,,,,,,,,,,,,,,,,,,,,,,,,,,
9299,2203,True,0.0,False,,,,,,,,,,,,,,,,,,,,,,,,,,,,,,,
9299,2204,True,0.0,False,,,,,,,,,,,,,,,,,,,,,,,,,,,,,,,
9858,5306,True,0.0,False,,,,,,,,,,,,,,,,,,,,,,,,,,,,,,,
9860,482,True,0.9424242424242424,True,404.4568,1065.694,434.7653,1057.017,406.0,1064.0,436.0,1056.0,436.0,1056.0,658.0,620.0,620.0,0.0038393779547920017,-0.003856465062221344,0.007000491197228349,0.2623295676375211,11.0,0.0076958430170133455,-0.25532907644029273,0.3924279165389542,0.030748068131039974,0.01258075512544483,,False,,,,,,
9951,5324,True,0.0,False,,,,,,,,,,,,,,,,,,,,,,,,,,,,,,,
9951,5325,True,0.0,False,,,,,,,,,,,,,,,,,,,,,,,,,,,,,,,
9951,5326,True,0.0,False,,,,,,,,,,,,,,,,,,,,,,,,,,,,,,,
9951,5327,True,0.0,False,,,,,,,,,,,,,,,,,,,,,,,,,,,,,,,
10068,21768,True,0.0,False,,,,,,,,,,,,,,,,,,,,,,,,,,,,,,,
10068,21770,True,0.0,False,,,,,,,,,,,,,,,,,,,,,,,,,,,,,,,
10068,21771,True,0.0,False,,,,,,,,,,,,,,,,,,,,,,,,,,,,,,,
10080,7434,True,0.0,False,,,,,,,,,,,,,,,,,,,,,,,,,,,,,,,
10265,14840,True,0.0,False,,,,,,,,,,,,,,,,,,,,,,,,,,,,,,,
10265,14841,True,0.0,False,,,,,,,,,,,,,,,,,,,,,,,,,,,,,,,
10265,14842,True,0.0,False,,,,,,,,,,,,,,,,,,,,,,,,,,,,,,,
10265,14843,True,0.0,False,,,,,,,,,,,,,,,,,,,,,,,,,,,,,,,
10932,9922,True,0.0,False,,,,,,,,,,,,,,,,,,,,,,,,,,,,,,,
10932,9923,True,0.0,False,,,,,,,,,,,,,,,,,,,,,,,,,,,,,,,
10932,9924,True,0.0,False,,,,,,,,,,,,,,,,,,,,,,,,,,,,,,,
11055,25887,True,0.9360189573459715,True,311.2583,1101.268,306.8504,1151.344,312.0,1100.0,308.0,1150.0,312.0,1100.0,788.0,842.0,788.0,0.00021094883716213947,-9.535294334544048e-05,0.002199651082348237,0.0343563164726494,23.0,0.00030630178050757993,-0.03215666539030116,0.03431802083163668,0.003104581658561023,0.0010384009484882227,,False,,,,,,
11120,8016,True,0.0,False,,,,,,,,,,,,,,,,,,,,,,,,,,,,,,,
11134,12774,True,0.954954954954955,True,322.0883,747.1748,304.8345,749.8922,324.0,746.0,306.0,748.0,324.0,746.0,422.0,442.0,422.0,-0.000503042127612827,2.1399277597180413e-06,1.711530145871047e-05,6.39028267566642e-06,-8.0,-0.000505182055372545,1.072501878304405e-05,0.000834728260389407,0.0005358853846013234,0.0005079239613219848,False,,,,,,,
11538,8463,True,0.0,False,,,,,,,,,,,,,,,,,,,,,,,,,,,,,,,
11538,8465,True,0.0,False,,,,,,,,,,,,,,,,,,,,,,,,,,,,,,,
11902,30045,True,0.0,False,,,,,,,,,,,,,,,,,,,,,,,,,,,,,,,
11902,30046,True,0.0,False,,,,,,,,,,,,,,,,,,,,,,,,,,,,,,,
18611,3027,True,0.9791666666666666,True,302.3056,867.3568,300.0,874.0634,304.0,866.0,300.0,874.0,304.0,866.0,562.0,574.0,562.0,0.1791827974532061,-3.914635520003112e-07,0.40869462771860987,2.794377287483537e-05,2.0,0.17918318891675808,0.408666683945735,0.4086936478895059,0.22628715738520397,0.17927737720315515,,False,,,,,,
18893,14225,True,1.0,True,99.54399,1197.45,99.95296,1196.78,100.0,1196.0,100.0,1196.0,100.0,1196.0,1096.0,1096.0,1096.0,0.17506983120136912,-0.022284908210079443,0.1785720178187466,0.16198681811463025,0.0,0.19735473941144857,0.016585199704116343,1.1193835425855052,0.20310621379868082,0.1973547394114486,,False,,,,,,
23600,28752,True,0.975609756097561,True,307.9842,707.5392,298.8702,708.7007,308.0,706.0,300.0,708.0,308.0,706.0,398.0,408.0,398.0,0.007725336465781654,-0.010492315163446278,0.047111612760104705,0.027970015666359045,-3.0,0.01821765162922793,0.01914159709374566,0.3004476501459114,0.029091289678799676,0.018340099154316822,,False,,,,,,
23659,29907,True,0.9915254237288136,True,314.8744,783.8308,312.7877,784.0153,316.0,782.0,314.0,784.0,316.0,782.0,466.0,470.0,466.0,0.9418918621061235,-1.125228969431508,1.3581308455589558,28.411883412809612,0.0,2.0671208315376317,-27.053752567250655,398.47805468628496,26.24260354824509,2.9574366871283426,,False,,,,,,
24154,39660,True,0.9887640449438202,True,308.3805,484.9939,307.8835,485.2772,310.0,484.0,308.0,484.0,310.0,484.0,174.0,176.0,174.0,0.645168067043536,-2.7179276021662546,0.6976986403778191,17.7718925647024,-1.0,3.3630956692097906,-17.074193924324582,38.03065784073128,9.121735327040668,5.486700807210841,,False,,,,,,
27536,28507,True,1.0,True,300.2983,839.5582,300.9967,839.2027,302.0,838.0,302.0,838.0,302.0,838.0,536.0,536.0,536.0,0.44001059601567005,-0.004755034897416141,0.7578176619106317,1.8689095621475809,0.0,0.4447656309130862,-1.111091900236949,2.6378984609452334,0.7621594818582369,0.5375212625641043,,False,,,,,,
27536,28508,True,0.9886363636363636,True,300.982,823.4043,300.0,826.2458,302.0,822.0,300.0,826.0,302.0,822.0,520.0,526.0,520.0,0.4233682364479164,-0.048482673216157714,0.5647425664413886,3.238035833256189,1.0,0.4718509096640741,-2.6732932668148,2.767167166842279,0.6892649480794828,0.5284125160882932,,False,,,,,,
27935,31720,True,0.9902912621359223,True,298.6229,707.8624,296.8668,709.3995,300.0,706.0,298.0,708.0,300.0,706.0,406.0,410.0,406.0,0.008369547854987575,-0.0017572300904380553,0.04562197397714074,0.0,0.0,0.01012677794542563,0.04562197397714074,0.044658306920535865,0.014892266849711323,0.009984659901219651,,False,,,,,,
29721,38537,True,0.0,False,,,,,,,,,,,,,,,,,,,,,,,,,,,,,,,
29721,38538,True,0.0,False,,,,,,,,,,,,,,,,,,,,,,,,,,,,,,,
29721,38539,True,0.0,False,,,,,,,,,,,,,,,,,,,,,,,,,,,,,,,
29721,38540,True,0.0,False,,,,,,,,,,,,,,,,,,,,,,,,,,,,,,,
29721,38541,True,0.0,False,,,,,,,,,,,,,,,,,,,,,,,,,,,,,,,
29721,38542,True,0.0,False,,,,,,,,,,,,,,,,,,,,,,,,,,,,,,,
29721,38543,True,0.0,False,,,,,,,,,,,,,,,,,,,,,,,,,,,,,,,
29721,38544,True,0.0,False,,,,,,,,,,,,,,,,,,,,,,,,,,,,,,,
29721,38545,True,0.0,False,,,,,,,,,,,,,,,,,,,,,,,,,,,,,,,
29721,38546,True,0.0,False,,,,,,,,,,,,,,,,,,,,,,,,,,,,,,,
32135,43089,True,0.997134670487106,True,303.2325,998.9415,301.7751,999.0229,304.0,998.0,302.0,998.0,304.0,998.0,694.0,696.0,694.0,0.0003748671449768267,-0.0003063384930618536,0.0012449268670206275,0.0024851870664693615,-1.0,0.0006812056380386803,-0.001240260199448734,0.13926328637505805,0.007480276243039846,0.0007232232042346316,,False,,,,,,
38449,45396,True,0.8818897637795275,True,75.40984,298.3605,45.14563,299.1909,76.0,298.0,46.0,298.0,76.0,298.0,222.0,252.0,222.0,-4.083824957085495e-08,2.0227265422105017e-06,2.074689e-08,7.751207264003075e-06,-15.0,-2.063564791781357e-06,-7.730460374003075e-06,7.730460374003075e-06,2.7726935028585883e-06,2.048637305891198e-06,False,,,,,,,
49849,84219,True,0.0,False,,,,,,,,,,,,,,,,,,,,,,,,,,,,,,,
